-- phpMyAdmin SQL Dump
-- version 4.5.4.1deb2ubuntu2
-- http://www.phpmyadmin.net
--
-- Host: smtrash8.cmbmotdimkl5.ap-southeast-1.rds.amazonaws.com:3306
-- Generation Time: Dec 21, 2017 at 07:06 PM
-- Server version: 5.7.17-log
-- PHP Version: 7.0.22-0ubuntu0.16.04.1

SET SQL_MODE = "NO_AUTO_VALUE_ON_ZERO";
SET time_zone = "+00:00";


/*!40101 SET @OLD_CHARACTER_SET_CLIENT=@@CHARACTER_SET_CLIENT */;
/*!40101 SET @OLD_CHARACTER_SET_RESULTS=@@CHARACTER_SET_RESULTS */;
/*!40101 SET @OLD_COLLATION_CONNECTION=@@COLLATION_CONNECTION */;
/*!40101 SET NAMES utf8mb4 */;

--
-- Database: `smartbin`
--

-- --------------------------------------------------------

--
-- Table structure for table `bindetail_tbl`
--

CREATE TABLE `bindetail_tbl` (
  `binID` varchar(10) NOT NULL,
  `areaName` varchar(20) NOT NULL,
  `areaID` varchar(10) NOT NULL,
  `filedLevel` double NOT NULL DEFAULT '0',
  `latitude` double DEFAULT NULL,
  `longitude` double DEFAULT NULL,
  `Status` varchar(10) NOT NULL DEFAULT 'Active'
) ENGINE=InnoDB DEFAULT CHARSET=latin1;

--
-- Dumping data for table `bindetail_tbl`
--

INSERT INTO `bindetail_tbl` (`binID`, `areaName`, `areaID`, `filedLevel`, `latitude`, `longitude`, `Status`) VALUES
('KDU-01-BI', 'Kaduwela', 'KDU', 70.212, 6.93646, 79.983058, 'Active'),
('KDU-02-PA', 'Kaduwela', 'KDU', 75, 6.933175, 79.990052, 'Active'),
('KDU-03-GL', 'Kaduwela', 'KDU', 43, 6.94847, 79.987121, 'Inactive'),
('KDU-04-PL', 'Kaduwela', 'KDU', 100, 6.948989, 80.01729, 'Active'),
('KDU-05-BI', 'Kaduwela', 'KDU', 82, 6.969437, 80.044756, 'Active'),
('KDU-06-GL', 'Kaduwela', 'KDU', 86, 6.968585, 79.954805, 'Active'),
('KDU-07-GL', 'Kaduwela', 'KDU', 60, 6.986476, 79.97386, 'Active'),
('KDU-08-PA', 'Kaduwela', 'KDU', 55, 6.961429, 79.996347, 'Active'),
('KDU-09-PA', 'Kaduwela', 'KDU', 30, 6.921384, 80.017633, 'Active'),
('MLB--PA', 'Malabe', 'MLB', 0, 6.915776, 79.937897, 'Active'),
('MLB-01-BI', 'Malabe', 'MLB', 69, 6.903924, 79.954484, 'Inactive'),
('MLB-01-PA', 'Malabe', 'MLB', 63, 6.903935, 79.954497, 'Active'),
('MLB-02-PA', 'Malabe', 'MLB', 100, 6.893184, 79.954569, 'Inactive'),
('MLB-03-PL', 'Malabe', 'MLB', 74, 6.911419, 79.956114, 'Inactive'),
('MLB-04-BI', 'Malabe', 'MLB', 85, 6.918533, 79.942381, 'Inactive'),
('MLB-05-GL', 'Malabe', 'MLB', 75, 6.933473, 79.939635, 'Inactive'),
('MLB-06-PA', 'Malabe', 'MLB', 78, 6.907631, 79.929872, 'Inactive'),
('MLB-07-BI', 'Malabe', 'MLB', 78, 6.93833, 79.955127, 'Inactive'),
('MLB-07-PL', 'Malabe', 'MLB', 59, 6.93833, 79.955127, 'Inactive'),
('MLB-08-PA', 'Malabe', 'MLB', 50, 6.899404, 79.971735, 'Inactive'),
('MLB-09-GL', 'Malabe', 'MLB', 14, 6.924126, 79.927168, 'Active'),
('MLB-09-PL', 'Malabe', 'MLB', 0, 6.924126, 79.927168, 'Active'),
('MLB-10-PA', 'Malabe', 'MLB', 50.34, 6.914757, 79.972827, 'Active'),
('MLB-10-PL', 'Malabe', 'MLB', 50, 6.914764, 79.972833, 'Active'),
('MLB-11-PA', 'Malabe', 'MLB', 50, 6.922751, 79.962723, 'Inactive'),
('MLB-12-GL', 'Malabe', 'MLB', 85, 6.921984, 79.970362, 'Inactive'),
('MLB-14-GL', 'Malabe', 'MLB', 13, 6.886669, 79.96223, 'Inactive'),
('MLB-15-PA', 'Malabe', 'MLB', 78, 6.922503, 79.977433, 'Inactive'),
('MLB-28-PA', 'Malabe', 'MLB', 23, 6.908278, 79.994202, 'Active');

-- --------------------------------------------------------

--
-- Table structure for table `binLevel_tbl`
--

CREATE TABLE `binLevel_tbl` (
  `binID` varchar(10) NOT NULL,
  `H00:00` double NOT NULL DEFAULT '0',
  `H01:00` double NOT NULL DEFAULT '0',
  `H02:00` double NOT NULL DEFAULT '0',
  `H03:00` double NOT NULL DEFAULT '0',
  `H04:00` double NOT NULL DEFAULT '0',
  `H05:00` double NOT NULL DEFAULT '0',
  `H06:00` double NOT NULL DEFAULT '0',
  `H07:00` double NOT NULL DEFAULT '0',
  `H08:00` double NOT NULL DEFAULT '0',
  `H09:00` double NOT NULL DEFAULT '0',
  `H10:00` double NOT NULL DEFAULT '0',
  `H11:00` double NOT NULL DEFAULT '0',
  `H12:00` double NOT NULL DEFAULT '0',
  `H13:00` double NOT NULL DEFAULT '0',
  `H14:00` double NOT NULL DEFAULT '0',
  `H15:00` double NOT NULL DEFAULT '0',
  `H16:00` double NOT NULL DEFAULT '0',
  `H17:00` double NOT NULL DEFAULT '0',
  `H18:00` double NOT NULL DEFAULT '0',
  `H19:00` double NOT NULL DEFAULT '0',
  `H20:00` double NOT NULL DEFAULT '0',
  `H21:00` double NOT NULL DEFAULT '0',
  `H22:00` double NOT NULL DEFAULT '0',
  `H23:00` double NOT NULL DEFAULT '0'
) ENGINE=InnoDB DEFAULT CHARSET=latin1;

--
-- Dumping data for table `binLevel_tbl`
--

INSERT INTO `binLevel_tbl` (`binID`, `H00:00`, `H01:00`, `H02:00`, `H03:00`, `H04:00`, `H05:00`, `H06:00`, `H07:00`, `H08:00`, `H09:00`, `H10:00`, `H11:00`, `H12:00`, `H13:00`, `H14:00`, `H15:00`, `H16:00`, `H17:00`, `H18:00`, `H19:00`, `H20:00`, `H21:00`, `H22:00`, `H23:00`) VALUES
('KDU-01-BI', 70.21199798583984, 70.21199798583984, 70.21199798583984, 70.21199798583984, 70.21199798583984, 70.21199798583984, 70.21199798583984, 70.21199798583984, 70.21199798583984, 70.21199798583984, 70.21199798583984, 70.21199798583984, 70.21199798583984, 70.21199798583984, 70.21199798583984, 70.21199798583984, 70.21199798583984, 70.21199798583984, 70.21199798583984, 70.21199798583984, 70.21199798583984, 70.21199798583984, 70.21199798583984, 70.21199798583984),
('KDU-02-PA', 75, 75, 75, 75, 75, 75, 75, 75, 75, 75, 75, 75, 75, 75, 75, 75, 75, 75, 75, 75, 75, 75, 75, 75),
('KDU-03-GL', 43, 43, 43, 43, 43, 43, 43, 43, 43, 43, 43, 43, 43, 43, 43, 43, 43, 43, 43, 43, 43, 43, 43, 43),
('KDU-04-PL', 100, 100, 100, 100, 100, 100, 100, 100, 100, 100, 100, 100, 100, 100, 100, 100, 100, 100, 100, 100, 100, 100, 100, 100),
('KDU-05-BI', 82, 82, 82, 82, 82, 82, 82, 82, 82, 82, 82, 82, 82, 82, 82, 82, 82, 82, 82, 82, 82, 82, 82, 82),
('KDU-06-GL', 86, 86, 86, 86, 86, 86, 86, 86, 86, 86, 86, 86, 86, 86, 86, 86, 86, 86, 86, 86, 86, 86, 86, 86),
('KDU-07-GL', 60, 60, 60, 60, 60, 60, 60, 60, 60, 60, 60, 60, 60, 60, 60, 60, 60, 60, 60, 60, 60, 60, 60, 60),
('KDU-08-PA', 55, 55, 55, 55, 55, 55, 55, 55, 55, 55, 55, 55, 55, 55, 55, 55, 55, 55, 55, 55, 55, 55, 55, 55),
('KDU-09-PA', 30, 30, 30, 30, 30, 30, 30, 30, 30, 30, 30, 30, 30, 30, 30, 30, 30, 30, 30, 30, 30, 30, 30, 30),
('MLB--PA', 0, 0, 0, 0, 0, 0, 0, 0, 0, 0, 0, 0, 0, 0, 0, 0, 0, 0, 0, 0, 0, 0, 0, 0),
('MLB-01-BI', 69, 69, 69, 69, 69, 69, 69, 69, 69, 69, 69, 69, 69, 69, 69, 69, 69, 69, 69, 69, 69, 69, 69, 69),
('MLB-01-PA', 63, 63, 63, 63, 63, 63, 63, 63, 63, 63, 63, 63, 63, 63, 63, 63, 63, 63, 63, 63, 63, 63, 63, 63),
('MLB-02-PA', 100, 100, 100, 100, 100, 100, 100, 100, 100, 100, 100, 100, 100, 100, 100, 100, 100, 100, 100, 100, 100, 100, 100, 100),
('MLB-03-PL', 74, 74, 74, 74, 74, 74, 74, 74, 74, 74, 74, 74, 74, 74, 74, 74, 74, 74, 74, 74, 74, 74, 74, 74),
('MLB-04-BI', 85, 85, 85, 85, 85, 85, 85, 85, 85, 85, 85, 85, 85, 85, 85, 85, 85, 85, 85, 85, 85, 85, 85, 85),
('MLB-05-GL', 75, 75, 75, 75, 75, 75, 75, 75, 75, 75, 75, 75, 75, 75, 75, 75, 75, 75, 75, 75, 75, 75, 75, 75),
('MLB-06-PA', 78, 78, 78, 78, 78, 78, 78, 78, 78, 78, 78, 78, 78, 78, 78, 78, 78, 78, 78, 78, 78, 78, 78, 78),
('MLB-07-BI', 78, 78, 78, 78, 78, 78, 78, 78, 78, 78, 78, 78, 78, 78, 78, 78, 78, 78, 78, 78, 78, 78, 78, 78),
('MLB-07-PL', 59, 59, 59, 59, 59, 59, 59, 59, 59, 59, 59, 59, 59, 59, 59, 59, 59, 59, 59, 59, 59, 59, 59, 59),
('MLB-08-PA', 50, 50, 50, 50, 50, 50, 50, 50, 50, 50, 50, 50, 50, 50, 50, 50, 50, 50, 50, 50, 50, 50, 50, 50),
('MLB-09-GL', 14, 14, 14, 14, 14, 14, 14, 14, 14, 14, 14, 14, 14, 14, 14, 14, 14, 14, 14, 14, 14, 14, 14, 14),
('MLB-09-PL', 0, 0, 0, 0, 0, 0, 0, 0, 0, 0, 0, 0, 0, 0, 0, 0, 0, 0, 0, 0, 0, 0, 0, 0),
('MLB-10-PA', 50.34000015258789, 50.34000015258789, 50.34000015258789, 50.34000015258789, 50.34000015258789, 50.34000015258789, 50.34000015258789, 50.34000015258789, 50.34000015258789, 50.34000015258789, 50.34000015258789, 50.34000015258789, 50.34000015258789, 50.34000015258789, 50.34000015258789, 50.34000015258789, 50.34000015258789, 50.34000015258789, 50.34000015258789, 50.34000015258789, 50.34000015258789, 50.34000015258789, 50.34000015258789, 50.34000015258789),
('MLB-10-PL', 50, 50, 50, 50, 50, 50, 50, 50, 50, 50, 50, 50, 50, 50, 50, 50, 50, 50, 50, 50, 50, 50, 50, 50),
('MLB-11-PA', 50, 50, 50, 50, 50, 50, 50, 50, 50, 50, 50, 50, 50, 50, 50, 50, 50, 50, 50, 50, 50, 50, 50, 50),
('MLB-12-GL', 85, 85, 85, 85, 85, 85, 85, 85, 85, 85, 85, 85, 85, 85, 85, 85, 85, 85, 85, 85, 85, 85, 85, 85),
('MLB-14-GL', 13, 13, 13, 13, 13, 13, 13, 13, 13, 13, 13, 13, 13, 13, 13, 13, 13, 13, 13, 13, 13, 13, 13, 13),
('MLB-15-PA', 78, 78, 78, 78, 78, 78, 78, 78, 78, 78, 78, 78, 78, 78, 78, 78, 78, 78, 78, 78, 78, 78, 78, 78),
('MLB-28-PA', 23, 23, 23, 23, 23, 23, 23, 23, 23, 23, 23, 23, 23, 23, 23, 23, 23, 23, 23, 23, 23, 23, 23, 23);

-- --------------------------------------------------------

--
-- Table structure for table `binReqFeedBack_tbl`
--

CREATE TABLE `binReqFeedBack_tbl` (
  `reqID` int(5) NOT NULL,
  `cemail` varchar(100) NOT NULL,
  `latitude` double NOT NULL,
  `longitude` double NOT NULL,
  `nearBin_1` varchar(10) DEFAULT NULL,
  `nearBin_2` varchar(10) DEFAULT NULL,
  `biodegradable` varchar(5) DEFAULT NULL,
  `plastic` varchar(20) DEFAULT NULL,
  `paper` varchar(20) DEFAULT NULL,
  `glass` varchar(20) DEFAULT NULL,
  `status` varchar(20) DEFAULT 'Approval_Pending',
  `BinAvailable` varchar(100) DEFAULT NULL,
  `binconfirm` varchar(100) DEFAULT NULL,
  `region` varchar(30) NOT NULL
) ENGINE=InnoDB DEFAULT CHARSET=latin1;

--
-- Dumping data for table `binReqFeedBack_tbl`
--

INSERT INTO `binReqFeedBack_tbl` (`reqID`, `cemail`, `latitude`, `longitude`, `nearBin_1`, `nearBin_2`, `biodegradable`, `plastic`, `paper`, `glass`, `status`, `BinAvailable`, `binconfirm`, `region`) VALUES
(21, 'vr@gmail.com', 6.916587646988502, 79.97333910316229, 'MLB-11-PA', 'MLB-12-GL', ' bio', ' pl', '', ' gl', 'Approval_Pending', 'yes', 'yes', 'MLB'),
(22, 'vr@gmail.com', 6.9312315452438975, 79.98266782611609, 'MLB-13-PL', 'KDU-02-PA', ' bio', ' pl', '', ' gl', 'Approved', 'yes', 'yes', 'KDU'),
(43, 'isuru@medialablk.com', 6.906387439899265, 79.97078765183687, 'MLB-09-PL', 'MLB-08-PA', ' bio', '', '', '', 'Approval_Pending', 'yes', 'yes', 'MLB'),
(44, 'isuru@medialablk.com', 6.6521777875124775, 79.93515953421591, 'MLB-02-PA', 'MLB-08-PA', 'bio', 'pl', 'pa', 'gl', 'Approval_Pending', 'yes', 'yes', 'MLB'),
(45, 'vr@gmail.com', 6.911387719022021, 79.97388325631618, 'MLB-14-GL', 'MLB-07-PL', '', ' pl', ' pa', ' gl', 'Approved', '', 'no', ''),
(46, 's@gmail.com', 6.916554030534994, 79.97300047427416, 'MLB-10-PL', 'MLB-10-PA', ' bio', ' pl', '', '', 'Approval_Pending', ' yes', NULL, ''),
(104, 's@gmail.com', 6.918852924470372, 79.97871022671461, 'MLB-10-GL', 'MLB-14-GL', ' bio', ' pl', '', '', NULL, '', 'no', ''),
(105, 's@gmail.com', 6.917877052517769, 79.97464533895254, 'MLB-10-PL', 'MLB-10-PA', ' bio', ' pl', '', '', NULL, ' yes', 'no', ''),
(106, 's@gmail.com', 6.918877221392981, 79.97437711805105, 'MLB-10-PL', 'MLB-10-PA', ' bio', ' pl', ' pa', ' gl', NULL, ' yes', 'no', ''),
(107, 'vr@gmail.com', 6.917877718188271, 79.97482001781464, 'MLB-10-GL', 'MLB-10-PL', ' bio', ' pl', ' pa', ' gl', 'Approved', ' yes', 'no', ''),
(108, 'vr@gmail.com', 6.919132505422077, 79.97427888214588, 'MLB-10-PL', 'MLB-15-PA', ' bio', ' pl', ' pa', ' gl', 'Approved', ' yes', 'nooo', ''),
(109, 'vr@gmail.com', 6.91497638438293, 79.97304473072292, 'MLB-10-PL', 'MLB-10-PA', ' bio', ' pl', ' pa', ' gl', 'Approved', '', 'nooo', ''),
(121, '', 6.912453, 79.960642, NULL, NULL, '', 'pl', '', 'gl', 'Approval_Pending', 'yes', NULL, 'MLB'),
(122, '', 6.933243, 79.947939, NULL, NULL, 'bio', '', 'pa', '', 'Approval_Pending', 'yes', NULL, 'MLB'),
(123, 'vr@gmail.com', 6.933243, 79.947939, NULL, NULL, '', '', '', '', 'Approval_Pending', '', NULL, ''),
(124, 'vr@gmail.com', 6.912453, 79.960642, NULL, NULL, '', '', '', '', 'Approval_Pending', '', NULL, ''),
(125, 'vr@gmail.com', 6.915786842505265, 79.97277215123177, 'MLB-10-PL', 'MLB-10-PA', ' bio', '', ' pa', ' gl', 'Approval_Pending', ' yes', 'nooo', 'MLB'),
(126, 'vr@gmail.com', 6.933669, 79.959526, NULL, NULL, '', '', 'pa', 'gl', 'Approval_Pending', 'yes', NULL, 'MLB'),
(127, 'vr@gmail.com', 6.918332, 79.94957, NULL, NULL, 'bio', '', 'pa', '', 'Approval_Pending', 'yes', NULL, 'MLB'),
(128, 'vr@gmail.com', 6.916287, 79.977551, NULL, NULL, '', '', 'pa', 'gl', 'Approval_Pending', 'yes', NULL, 'MLB'),
(130, 'vr@gmail.com', 6.9135794641834645, 79.97205633670092, 'MLB-10-BI', 'MLB-10-GL', ' bio', ' pl', ' pa', ' gl', 'Approval_Pending', ' yes', 'nooo', 'MLB'),
(131, 'vr@gmail.com', 6.923274, 79.959354, NULL, NULL, 'bio', '', 'pa', '', 'Approval_Pending', 'yes', NULL, 'MLB'),
(132, 'vr@gmail.com', 6.92549, 79.949055, NULL, NULL, 'bio', '', 'pa', '', 'Approval_Pending', 'yes', NULL, 'MLB'),
(133, 'vr@gmail.com', 6.937418, 79.968195, NULL, NULL, 'bio', '', 'pa', '', 'Approval_Pending', 'yes', NULL, 'MLB'),
(134, 'vr@gmail.com', 6.942019, 79.979868, NULL, NULL, '', '', 'pa', 'gl', 'Approval_Pending', 'yes', NULL, 'MLB'),
(135, 'vr@gmail.com', 6.943979, 79.946995, NULL, NULL, '', 'pl', '', 'gl', 'Approval_Pending', 'yes', NULL, 'MLB'),
(136, 'vr@gmail.com', 6.907085, 79.947424, NULL, NULL, 'bio', '', 'pa', '', 'Approval_Pending', 'yes', NULL, 'MLB'),
(137, 'vr@gmail.com', 6.898394, 79.957466, 'MLB-01-PA', 'MLB-02-PA', 'bio', '', 'pa', '', 'Approval_Pending', 'yes', 'nooo', ''),
(138, 'vr@gmail.com', 6.897627, 79.945621, 'MLB-02-PA', 'MLB-01-BI', 'bio', '', 'pa', '', 'Approval_Pending', 'yes', 'nooo', ''),
(139, 'vr@gmail.com', 6.905211, 79.945021, 'MLB-01-BI', 'MLB-01-PA', 'bio', '', 'pa', '', 'Approval_Pending', 'yes', 'nooo', ''),
(140, 'vr@gmail.com', 6.922933, 79.936781, 'MLB-04-BI', 'MLB-09-PL', 'bio', 'pl', 'pa', 'gl', 'Approval_Pending', 'yes', 'nooo', ''),
(141, 'vr@gmail.com', 6.8920549885238716, 79.96362313628197, 'MLB-14-GL', 'MLB-02-PA', ' bio', ' pl', '', ' gl', 'Approval_Pending', ' yes', 'nooo', 'MLB'),
(142, 'vr@gmail.com', 7.009709976808115, 80.04630725830793, 'KDU-05-BI', 'KDU-04-PL', ' bio', ' pl', '', '', 'Approval_Pending', '', 'nooo', 'MLB'),
(147, 'vr@gmail.com', 6.964949254946789, 80.03640219569208, 'KDU-05-BI', 'KDU-04-PL', ' bio', ' pl', '', '', 'Approval_Pending', '', 'yes', 'KDU'),
(148, 'vr@gmail.com', 6.963978803417988, 80.03684241324663, 'KDU-05-BI', 'KDU-04-PL', ' bio', ' pl', '', '', 'Approval_Pending', '', 'yes', 'KDU'),
(149, 'vr@gmail.com', 6.913326174183903, 79.98186148703097, 'MLB-10-PL', 'MLB-10-PA', ' bio', ' pl', '', ' gl', 'Approval_Pending', ' yes', 'no', 'MLB'),
(150, 'vr@gmail.com', 6.901172421644462, 79.97742813080549, 'MLB-08-PA', 'MLB-10-PA', ' bio', '', ' pa', ' gl', 'Approval_Pending', '', 'no', 'MLB'),
(151, 'alexvista1234@gmail.com', 6.904614, 79.934378, 'MLB-06-PA', 'MLB-04-BI', 'bio', '', '', '', 'Approval_Pending', 'yes', 'nooo', ''),
(152, 'alexvista1234@gmail.com', 6.906403, 79.929464, 'MLB-06-PA', 'MLB-04-BI', '', '', 'pa', '', 'Approval_Pending', 'yes', 'nooo', ''),
(153, 'vr@gmail.com', 7.065566074583605, 80.02294186502697, 'KDU-07-GL', 'KDU-05-BI', ' bio', ' pl', ' pa', '', 'Approval_Pending', '', 'no', 'KDU'),
(154, 'vr@gmail.com', 7.0591952483558424, 80.01533914357424, 'KDU-07-GL', 'KDU-05-BI', ' bio', ' pl', '', '', 'Approval_Pending', '', 'no', 'KDU');

-- --------------------------------------------------------

--
-- Table structure for table `binSensor_tbl`
--

CREATE TABLE `binSensor_tbl` (
  `binID` varchar(10) NOT NULL,
  `status` varchar(15) NOT NULL DEFAULT 'Working',
  `binStatus` varchar(10) NOT NULL DEFAULT 'Active'
) ENGINE=InnoDB DEFAULT CHARSET=latin1;

--
-- Dumping data for table `binSensor_tbl`
--

INSERT INTO `binSensor_tbl` (`binID`, `status`, `binStatus`) VALUES
('KDU-01-BI', 'Working', 'Active'),
('KDU-02-PA', 'Working', 'Active'),
('KDU-03-GL', 'Faulty', 'Inactive'),
('KDU-04-PL', 'Working', 'Active'),
('KDU-05-BI', 'Working', 'Active'),
('KDU-06-GL', 'Working', 'Active'),
('KDU-07-GL', 'Working', 'Active'),
('KDU-08-PA', 'Working', 'Active'),
('KDU-09-PA', 'Working', 'Active'),
('MLB--PA', 'Working', 'Active'),
('MLB-01-BI', 'Faulty', 'Inactive'),
('MLB-01-PA', 'Working', 'Active'),
('MLB-02-PA', 'Faulty', 'Inactive'),
('MLB-03-PL', 'Faulty', 'Inactive'),
('MLB-04-BI', 'Faulty', 'Inactive'),
('MLB-05-GL', 'Faulty', 'Inactive'),
('MLB-06-PA', 'Faulty', 'Inactive'),
('MLB-07-BI', 'Faulty', 'Inactive'),
('MLB-07-PL', 'Faulty', 'Inactive'),
('MLB-08-PA', 'Faulty', 'Inactive'),
('MLB-09-GL', 'Working', 'Active'),
('MLB-09-PL', 'Working', 'Active'),
('MLB-10-PA', 'Working', 'Active'),
('MLB-10-PL', 'Working', 'Active'),
('MLB-11-PA', 'Faulty', 'Inactive'),
('MLB-12-GL', 'Faulty', 'Inactive'),
('MLB-14-GL', 'Working', 'Active'),
('MLB-15-PA', 'Faulty', 'Active'),
('MLB-28-PA', 'Working', 'Active');

-- --------------------------------------------------------

--
-- Table structure for table `binTest_tbl`
--

CREATE TABLE `binTest_tbl` (
  `ID` int(11) NOT NULL,
  `binID` varchar(10) NOT NULL DEFAULT 'MLB-10-PA',
  `sensor1` double NOT NULL DEFAULT '0',
  `sensor2` double NOT NULL DEFAULT '0',
  `sensorDiff` double NOT NULL DEFAULT '0',
  `time` datetime NOT NULL DEFAULT CURRENT_TIMESTAMP
) ENGINE=InnoDB DEFAULT CHARSET=latin1;

--
-- Dumping data for table `binTest_tbl`
--

INSERT INTO `binTest_tbl` (`ID`, `binID`, `sensor1`, `sensor2`, `sensorDiff`, `time`) VALUES
(1, 'MLB-10-PA', 39.6280487378438, 34.7868164380391, 4.8412322998047, '2017-10-23 11:00:39'),
(2, 'MLB-10-PA', 39.6389524141947, 34.6218983332316, 5.0170540809631, '2017-10-23 11:00:51'),
(3, 'MLB-10-PA', 39.6171450614929, 35.4205926259359, 4.196552435557, '2017-10-23 11:01:40'),
(4, 'MLB-10-PA', 39.7030115127563, 34.638253847758, 5.0647576649983, '2017-10-23 11:02:08'),
(5, 'MLB-10-PA', 39.7139151891073, 35.078489780426, 4.6354254086813, '2017-10-23 11:02:12'),
(6, 'MLB-10-PA', 39.5885229110718, 27.5072495142619, 12.08127339681, '2017-10-23 11:47:24'),
(7, 'MLB-10-PA', 39.5081082979838, 34.8658680915833, 4.6422402064005, '2017-10-23 11:47:47'),
(8, 'MLB-10-PA', 39.3636345863342, 35.248859723409, 4.1147748629252, '2017-10-23 11:47:58'),
(9, 'MLB-10-PA', 39.696196715037, 35.1002971331278, 4.5958995819092, '2017-10-23 12:39:23'),
(10, 'MLB-10-PA', 39.6784782409668, 35.0498676300049, 4.6286106109619, '2017-10-23 12:39:34'),
(11, 'MLB-10-PA', 39.6730264027913, 35.048504670461, 4.6245217323303, '2017-10-23 12:39:45'),
(12, 'MLB-10-PA', 39.7193670272827, 34.9067568778992, 4.8126101493835, '2017-10-23 18:20:00'),
(13, 'MLB-10-PA', 39.6280487378438, 34.848149617513, 4.7798991203308, '2017-10-23 18:20:12'),
(14, 'MLB-10-PA', 39.6743893623352, 34.8645051320394, 4.8098842302958, '2017-10-23 18:20:23'),
(15, 'MLB-10-PA', 38.394570350647, 32.9181989034017, 5.4763714472453, '2017-10-23 19:37:41'),
(16, 'MLB-10-PA', 38.4654442469279, 35.2420449256897, 3.2233993212382, '2017-10-23 19:52:42'),
(17, 'MLB-10-PA', 38.5131478309631, 35.0893934567769, 3.4237543741862, '2017-10-23 20:07:43'),
(18, 'MLB-10-PA', 38.524051507314, 35.4941924413045, 3.0298590660095, '2017-10-23 20:22:44'),
(19, 'MLB-10-PA', 38.5921994845072, 35.4314963022868, 3.1607031822204, '2017-10-23 20:37:46'),
(20, 'MLB-10-PA', 38.4627183278402, 35.3183706601461, 3.1443476676941, '2017-10-23 20:50:23'),
(21, 'MLB-10-PA', 38.5376811027527, 35.2815707524618, 3.2561103502909, '2017-10-23 20:50:34'),
(22, 'MLB-10-PA', 38.4899775187174, 35.168445110321, 3.3215324083964, '2017-10-23 20:50:41'),
(23, 'MLB-10-PA', 38.5540366172791, 34.9217494328817, 3.6322871843974, '2017-10-23 20:50:50'),
(24, 'MLB-10-PA', 38.4899775187174, 35.3578964869181, 3.1320810317993, '2017-10-23 20:51:48'),
(25, 'MLB-10-PA', 38.5594884554545, 35.0376009941101, 3.5218874613444, '2017-10-23 21:06:49'),
(26, 'MLB-10-PA', 38.5199626286825, 35.3851556777954, 3.1348069508871, '2017-10-23 21:21:50'),
(27, 'MLB-10-PA', 38.4858886400859, 35.1112008094788, 3.3746878306071, '2017-10-23 21:36:51'),
(28, 'MLB-10-PA', 38.484525680542, 35.6727401415507, 2.8117855389913, '2017-10-23 21:51:53'),
(29, 'MLB-10-PA', 38.1083488464355, 35.5527997016907, 2.5555491447448, '2017-10-23 22:06:54'),
(30, 'MLB-10-PA', 38.5690291722616, 36.1565907796224, 2.4124383926392, '2017-10-23 22:21:55'),
(31, 'MLB-10-PA', 38.5226885477702, 35.3756149609884, 3.1470735867818, '2017-10-23 22:36:56'),
(32, 'MLB-10-PA', 38.4749849637349, 35.0880304972331, 3.3869544665018, '2017-10-23 22:41:59'),
(33, 'MLB-10-PA', 38.4599924087524, 35.2665781974792, 3.1934142112732, '2017-10-23 22:42:17'),
(34, 'MLB-10-PA', 38.4722590446472, 34.9067568778992, 3.565502166748, '2017-10-23 22:42:45'),
(35, 'MLB-10-PA', 38.5826587677002, 35.2611263593038, 3.3215324083964, '2017-10-23 22:51:57'),
(36, 'MLB-10-PA', 38.5131478309631, 35.2611263593038, 3.2520214716593, '2017-10-23 22:57:47'),
(37, 'MLB-10-PA', 38.5404070218404, 35.0553194681803, 3.4850875536601, '2017-10-23 23:06:59'),
(38, 'MLB-10-PA', 38.5867476463318, 25.1193443934123, 13.467403252919, '2017-10-23 23:15:32'),
(39, 'MLB-10-PA', 38.6289993921916, 33.7850411732992, 4.8439582188924, '2017-10-23 23:23:31'),
(40, 'MLB-10-PA', 38.9601985613505, 34.9694530169169, 3.9907455444336, '2017-10-23 23:38:33'),
(41, 'MLB-10-PA', 38.5063330332438, 34.8440607388814, 3.6622722943624, '2017-10-23 23:53:34'),
(42, 'MLB-10-PA', 38.5308663050334, 35.7190807660421, 2.8117855389913, '2017-10-24 00:08:35'),
(43, 'MLB-10-PA', 38.5758439699809, 34.9053939183553, 3.6704500516256, '2017-10-24 00:23:37'),
(44, 'MLB-10-PA', 38.4858886400859, 34.7636461257935, 3.7222425142924, '2017-10-24 00:38:38'),
(45, 'MLB-10-PA', 38.5254144668579, 35.3633483250936, 3.1620661417643, '2017-10-24 00:53:39'),
(46, 'MLB-10-PA', 38.5254144668579, 34.7568313280741, 3.7685831387838, '2017-10-24 01:08:40'),
(47, 'MLB-10-PA', 38.5812958081563, 34.8863124847412, 3.6949833234151, '2017-10-24 01:23:41'),
(48, 'MLB-10-PA', 38.5417699813843, 35.3333632151286, 3.2084067662557, '2017-10-24 01:38:42'),
(49, 'MLB-10-PA', 38.5485847791036, 34.7186684608459, 3.8299163182577, '2017-10-24 01:53:44'),
(50, 'MLB-10-PA', 39.0065391858419, 35.2256894111633, 3.7808497746786, '2017-10-24 02:08:45'),
(51, 'MLB-10-PA', 39.0787760416667, 35.2720300356547, 3.806746006012, '2017-10-24 02:23:46'),
(52, 'MLB-10-PA', 39.0787760416667, 35.3633483250936, 3.7154277165731, '2017-10-24 02:38:47'),
(53, 'MLB-10-PA', 39.095131556193, 35.4028741518656, 3.6922574043274, '2017-10-24 02:53:48'),
(54, 'MLB-10-PA', 39.0106280644735, 35.2025190989176, 3.8081089655559, '2017-10-24 03:08:49'),
(55, 'MLB-10-PA', 39.0569686889648, 35.5405330657959, 3.5164356231689, '2017-10-24 03:23:50'),
(56, 'MLB-10-PA', 39.0733242034912, 35.1043860117594, 3.9689381917318, '2017-10-24 03:38:52'),
(57, 'MLB-10-PA', 38.9465689659119, 34.9108457565308, 4.0357232093811, '2017-10-24 03:53:53'),
(58, 'MLB-10-PA', 38.6221845944723, 35.539170106252, 3.0830144882203, '2017-10-24 04:08:54'),
(59, 'MLB-10-PA', 38.6794288953145, 35.2829337120056, 3.3964951833089, '2017-10-24 04:23:56'),
(60, 'MLB-10-PA', 38.724406560262, 35.179348786672, 3.54505777359, '2017-10-24 04:38:57'),
(61, 'MLB-10-PA', 38.6208216349284, 35.0321491559347, 3.5886724789937, '2017-10-24 04:53:58'),
(62, 'MLB-10-PA', 38.8961394627889, 35.248859723409, 3.6472797393799, '2017-10-24 05:08:59'),
(63, 'MLB-10-PA', 38.7189547220866, 34.9517345428467, 3.7672201792399, '2017-10-24 05:24:00'),
(64, 'MLB-10-PA', 38.5581254959106, 35.1575414339701, 3.4005840619405, '2017-10-24 05:39:02'),
(65, 'MLB-10-PA', 38.8157248497009, 34.9530975023905, 3.8626273473104, '2017-10-24 05:54:03'),
(66, 'MLB-10-PA', 38.7189547220866, 34.9231123924255, 3.7958423296611, '2017-10-24 06:09:04'),
(67, 'MLB-10-PA', 38.6276364326477, 34.8249793052673, 3.8026571273804, '2017-10-24 06:24:05'),
(68, 'MLB-10-PA', 38.8266285260518, 35.2584004402161, 3.5682280858357, '2017-10-24 06:39:07'),
(69, 'MLB-10-PA', 39.0392502148946, 36.7072264353434, 2.3320237795512, '2017-10-24 06:54:08'),
(70, 'MLB-10-PA', 38.9697392781576, 35.0893934567769, 3.8803458213807, '2017-10-24 07:09:09'),
(71, 'MLB-10-PA', 38.975191116333, 35.3851556777954, 3.5900354385376, '2017-10-24 07:24:10'),
(72, 'MLB-10-PA', 39.0501538912455, 35.9412431716919, 3.1089107195536, '2017-10-24 07:39:12'),
(73, 'MLB-10-PA', 38.9520208040873, 35.0907564163208, 3.8612643877665, '2017-10-24 07:54:13'),
(74, 'MLB-10-PA', 39.2518719037374, 35.1929783821106, 4.0588935216268, '2017-10-24 08:09:14'),
(75, 'MLB-10-PA', 38.9424800872803, 35.9862208366394, 2.9562592506409, '2017-10-24 08:24:15'),
(76, 'MLB-10-PA', 38.8607025146484, 36.8966778119405, 1.9640247027079, '2017-10-24 08:39:16'),
(77, 'MLB-10-PA', 38.9711022377014, 37.5072836875916, 1.4638185501098, '2017-10-24 08:54:18'),
(78, 'MLB-10-PA', 39.4672195116679, 36.9798183441162, 2.4874011675517, '2017-10-24 09:09:19'),
(79, 'MLB-10-PA', 38.9233986536662, 35.6959104537964, 3.2274881998698, '2017-10-24 09:24:21'),
(80, 'MLB-10-PA', 39.0569686889648, 36.0952576001485, 2.9617110888163, '2017-10-24 09:39:22'),
(81, 'MLB-10-PA', 38.8525247573853, 36.6186340649923, 2.233890692393, '2017-10-24 09:54:26'),
(82, 'MLB-10-PA', 38.9983614285787, 38.4586294492086, 0.5397319793701, '2017-10-24 10:09:28'),
(83, 'MLB-10-PA', 38.9193097750346, 40.4117504755656, 1.492440700531, '2017-10-24 10:24:29'),
(84, 'MLB-10-PA', 38.9411171277364, 39.2913977305094, 0.350280602773, '2017-10-24 10:39:30'),
(85, 'MLB-10-PA', 38.9642874399821, 39.6512190500895, 0.6869316101074, '2017-10-24 10:54:31'),
(86, 'MLB-10-PA', 39.7588928540548, 30.1336725552877, 9.6252202987671, '2017-10-24 18:42:56'),
(87, 'MLB-10-PA', 39.726181825002, 38.9411171277364, 0.7850646972656, '2017-10-24 18:57:57'),
(88, 'MLB-10-PA', 39.7834261258443, 37.9884084065755, 1.7950177192688, '2017-10-24 19:12:58'),
(89, 'MLB-10-PA', 39.7370855013529, 39.1809980074565, 0.5560874938964, '2017-10-24 19:27:59'),
(90, 'MLB-10-PA', 40.2454694112142, 39.5081082979838, 0.7373611132304, '2017-10-24 19:43:01'),
(91, 'MLB-10-PA', 40.2509212493896, 38.3127927780151, 1.9381284713745, '2017-10-24 19:58:02'),
(92, 'MLB-10-PA', 40.2522842089335, 39.9551590283712, 0.2971251805623, '2017-10-24 20:13:03'),
(93, 'MLB-10-PA', 41.9668873151143, 33.1171909968058, 8.8496963183085, '2017-10-27 18:51:31'),
(94, 'MLB-10-PA', 41.99005762736, 33.8422854741414, 8.1477721532186, '2017-10-27 19:24:51'),
(96, 'MLB-10-PA', 41.5443698565165, 35.6045921643575, 5.93977769215901, '2017-10-28 03:36:56'),
(97, 'MLB-10-PA', 41.5607253710429, 37.7485275268555, 3.81219784418742, '2017-10-28 04:06:06'),
(98, 'MLB-10-PA', 41.6411399841309, 38.7121399243673, 2.92900005976359, '2017-10-28 04:13:35'),
(99, 'MLB-10-PA', 41.0741488138835, 36.0325614611308, 5.04158735275269, '2017-10-28 04:28:36'),
(100, 'MLB-10-PA', 41.0836895306905, 38.6998732884725, 2.38381624221802, '2017-10-28 04:44:14'),
(101, 'MLB-10-PA', 41.3767258326213, 29.6634515126546, 11.7132743199666, '2017-10-28 05:23:39'),
(102, 'MLB-10-PA', 42.6047523816427, 29.6021183331807, 13.0026340484619, '2017-10-28 07:51:09'),
(103, 'MLB-10-PA', 41.1313931147257, 38.8157248497009, 2.31566826502482, '2017-10-28 08:06:11'),
(104, 'MLB-10-PA', 41.0864154497782, 38.7980063756307, 2.28840907414754, '2017-10-28 08:21:12'),
(105, 'MLB-10-PA', 40.9991860389709, 37.4895652135213, 3.50962082544962, '2017-10-28 08:36:13'),
(106, 'MLB-10-PA', 37.3941580454508, 35.9862208366394, 1.40793720881144, '2017-10-28 12:39:22'),
(107, 'MLB-10-PA', 67.7077412605286, 44.0971930821737, 23.6105481783549, '2017-10-28 13:02:20'),
(108, 'MLB-10-PA', 66.8776988983154, 59.3623399734497, 7.51535892486572, '2017-10-28 13:17:21'),
(109, 'MLB-10-PA', 66.4279222488403, 56.7331910133362, 9.69473123550415, '2017-10-28 13:32:22'),
(110, 'MLB-10-PA', 64.6110971768697, 59.2301328976949, 5.3809642791748, '2017-10-28 13:47:23'),
(111, 'MLB-10-PA', 65.4561320940654, 60.1733009020487, 5.28283119201661, '2017-10-28 22:18:35'),
(112, 'MLB-10-PA', 64.5347714424133, 60.1037899653117, 4.43098147710165, '2017-10-28 22:33:38'),
(113, 'MLB-10-PA', 65.6564871470134, 57.2347601254781, 8.42172702153524, '2017-10-28 22:48:41'),
(114, 'MLB-10-PA', 65.7818794250488, 57.0003310839335, 8.78154834111532, '2017-10-28 23:03:45'),
(115, 'MLB-10-PA', 65.9427086512248, 60.2141896883647, 5.72851896286011, '2017-10-28 23:18:48'),
(116, 'MLB-10-PA', 87.3098254203796, 59.6717317899068, 27.6380936304728, '2017-10-28 23:33:52'),
(117, 'MLB-10-PA', 88.8881325721741, 59.9797606468201, 28.908371925354, '2017-10-28 23:48:55'),
(118, 'MLB-10-PA', 65.1017626126607, 60.2182785669963, 4.88348404566447, '2017-10-29 00:03:59'),
(119, 'MLB-10-PA', 40.658446153005, 38.263726234436, 2.39471991856893, '2017-11-16 15:57:13'),
(120, 'MLB-10-PA', 39.1305685043335, 3420917.53745079, 3420878.40688229, '2017-11-16 16:49:31'),
(121, 'MLB-10-PA', 61.3345424334208, 64.7651116053263, 3.43056917190552, '2017-11-21 12:59:08'),
(122, 'MLB-10-PA', 61.4408532778422, 59.2096885045369, 2.23116477330525, '2017-11-21 13:14:12'),
(123, 'MLB-10-PA', 60.8902176221212, 58.9043855667114, 1.98583205540975, '2017-11-21 13:29:16'),
(124, 'MLB-10-PA', 70.8575407663981, 59.1551701227824, 11.7023706436157, '2017-11-22 20:10:34'),
(125, 'MLB-10-PA', 70.9543108940125, 55.9208671251933, 15.0334437688192, '2017-11-22 20:25:39'),
(126, 'MLB-10-PA', 63.9459729194641, 44.8917984962463, 19.0541744232178, '2017-11-26 21:20:46'),
(127, 'MLB-10-PA', 13.6280487378438, 19.7868164380391, 6.1412322998047, '2017-11-02 10:00:39'),
(128, 'MLB-10-PA', 39.6389524141947, 47.6218983332316, 8.0170540809631, '2017-11-02 10:03:51'),
(129, 'MLB-10-PA', 39.6171450614929, 46.9205926259359, 8.196552435557, '2017-11-02 10:01:40'),
(130, 'MLB-10-PA', 25.7030115127563, 34.638253847758, 9.0647576649983, '2017-11-02 10:02:08'),
(131, 'MLB-10-PA', 39.7139151891073, 35.078489780426, 8.6354254086813, '2017-11-02 10:02:12'),
(132, 'MLB-10-PA', 36.5885229110718, 27.5072495142619, 10.08127339681, '2017-11-02 10:47:24'),
(133, 'MLB-10-PA', 39.5081082979838, 34.8658680915833, 7.6422402064005, '2017-11-02 10:47:47'),
(134, 'MLB-10-PA', 39.3636345863342, 45.248859723409, 8.1147748629252, '2017-11-02 10:47:58'),
(135, 'MLB-10-PA', 39.696196715037, 35.1002971331278, 4.5958995819092, '2017-11-07 12:39:23'),
(136, 'MLB-10-PA', 59.6784782409668, 67.0498676300049, 8.6286106109619, '2017-11-07 12:39:34'),
(137, 'MLB-10-PA', 79.6730264027913, 72.048504670461, 8.6245217323303, '2017-11-07 12:39:45'),
(138, 'MLB-10-PA', 39.7193670272827, 34.9067568778992, 4.8126101493835, '2017-11-07 18:20:00'),
(139, 'MLB-10-PA', 69.6280487378438, 64.848149617513, 4.7798991203308, '2017-11-07 18:20:12'),
(140, 'MLB-10-PA', 39.6743893623352, 34.8645051320394, 8.8098842302958, '2017-11-07 18:20:23'),
(141, 'MLB-10-PA', 38.394570350647, 32.9181989034017, 7.4763714472453, '2017-11-07 19:37:41'),
(142, 'MLB-10-PA', 28.4654442469279, 25.2420449256897, 3.2233993212382, '2017-11-07 19:52:42'),
(143, 'MLB-10-PA', 38.5131478309631, 35.0893934567769, 7.4237543741862, '2017-11-08 20:07:43'),
(144, 'MLB-10-PA', 78.524051507314, 71.4941924413045, 7.0298590660095, '2017-11-08 20:22:44'),
(145, 'MLB-10-PA', 44.5921994845072, 47.4314963022868, 3.1607031822204, '2017-11-08 20:37:46'),
(146, 'MLB-10-PA', 12.4627183278402, 18.3183706601461, 6.1443476676941, '2017-11-08 20:50:23'),
(147, 'MLB-10-PA', 38.5376811027527, 35.2815707524618, 3.2561103502909, '2017-11-08 20:50:34'),
(148, 'MLB-10-PA', 88.4899775187174, 82.168445110321, 6.3215324083964, '2017-11-08 20:50:41'),
(149, 'MLB-10-PA', 38.5540366172791, 34.9217494328817, 6.6322871843974, '2017-11-08 20:50:50'),
(150, 'MLB-10-PA', 38.4899775187174, 35.3578964869181, 3.1320810317993, '2017-11-08 20:51:48'),
(151, 'MLB-10-PA', 38.5594884554545, 35.0376009941101, 6.5218874613444, '2017-11-08 21:06:49'),
(152, 'MLB-10-PA', 38.5199626286825, 35.3851556777954, 3.1348069508871, '2017-11-13 21:21:50'),
(153, 'MLB-10-PA', 38.4858886400859, 35.1112008094788, 6.3746878306071, '2017-11-13 21:36:51'),
(154, 'MLB-10-PA', 38.484525680542, 35.6727401415507, 2.8117855389913, '2017-11-13 21:51:53'),
(155, 'MLB-10-PA', 38.1083488464355, 35.5527997016907, 2.5555491447448, '2017-11-13 22:06:54'),
(156, 'MLB-10-PA', 38.5690291722616, 30.1565907796224, 8.4124383926392, '2017-11-13 22:21:55'),
(157, 'MLB-10-PA', 38.5226885477702, 35.3756149609884, 3.1470735867818, '2017-11-13 22:36:56'),
(158, 'MLB-10-PA', 38.4749849637349, 30.0880304972331, 8.3869544665018, '2017-11-13 22:41:59'),
(159, 'MLB-10-PA', 68.4599924087524, 65.2665781974792, 8.1934142112732, '2017-11-13 22:42:17'),
(160, 'MLB-10-PA', 38.4722590446472, 34.9067568778992, 3.565502166748, '2017-11-23 22:42:45'),
(161, 'MLB-10-PA', 38.5826587677002, 35.2611263593038, 8.3215324083964, '2017-11-23 22:51:57'),
(162, 'MLB-10-PA', 38.5131478309631, 35.2611263593038, 3.2520214716593, '2017-11-23 22:57:47'),
(163, 'MLB-10-PA', 18.5404070218404, 30.0553194681803, 8.4850875536601, '2017-11-23 23:06:59'),
(164, 'MLB-10-PA', 38.5867476463318, 25.1193443934123, 13.467403252919, '2017-11-23 23:15:32'),
(165, 'MLB-10-PA', 38.6289993921916, 33.7850411732992, 6.8439582188924, '2017-11-23 23:23:31'),
(166, 'MLB-10-PA', 25.9601985613505, 23.9694530169169, 3.9907455444336, '2017-11-23 23:38:33'),
(167, 'MLB-10-PA', 44.2920962969462, 48.7557888031006, 4.46369250615438, '2017-11-27 02:57:48');

-- --------------------------------------------------------

--
-- Table structure for table `binTotalVolume_tbl`
--

CREATE TABLE `binTotalVolume_tbl` (
  `binID` varchar(10) NOT NULL,
  `totalVolume` double NOT NULL DEFAULT '0'
) ENGINE=InnoDB DEFAULT CHARSET=latin1;

--
-- Dumping data for table `binTotalVolume_tbl`
--

INSERT INTO `binTotalVolume_tbl` (`binID`, `totalVolume`) VALUES
('KDU-01-BI', 0),
('KDU-02-PA', 0),
('KDU-03-GL', 0),
('MLB--PA', 0),
('MLB-01-BI', 0),
('MLB-01-PA', 0),
('MLB-02-PA', 0),
('MLB-03-PL', 0),
('MLB-04-BI', 0),
('MLB-05-GL', 0),
('MLB-06-PA', 0),
('MLB-07-BI', 0),
('MLB-07-PL', 0),
('MLB-08-PA', 0),
('MLB-09-GL', 0),
('MLB-09-PL', 24375),
('MLB-10-PL', 34375),
('MLB-14-GL', 0);

-- --------------------------------------------------------

--
-- Table structure for table `client_tbl`
--

CREATE TABLE `client_tbl` (
  `clientID` int(5) NOT NULL,
  `clientName` varchar(20) NOT NULL,
  `password` varchar(10) NOT NULL,
  `cemail` varchar(50) NOT NULL,
  `areaName` varchar(20) NOT NULL,
  `role` varchar(50) NOT NULL
) ENGINE=InnoDB DEFAULT CHARSET=latin1;

--
-- Dumping data for table `client_tbl`
--

INSERT INTO `client_tbl` (`clientID`, `clientName`, `password`, `cemail`, `areaName`, `role`) VALUES
(9, 'vinu randula', '123', 'vr@gmail.com', 'Colombo', 'client'),
(10, 'Ruwinda Ranaweera', '123', 'rkr@gmail.com', 'Malabe', 'client'),
(73, 'Ruvinda Ranaweera', '123456', 'rkruvinda@gmail.com', 'Malabe', 'admin'),
(78, 'Shehan Brendon ', 'brenda', 'brend@gmail.com', 'Kaduwela', 'admin'),
(79, 'dinusha', 'dinusha', 'p.g.d.m.perera@gmail.com', 'Malabe', 'client'),
(80, 'Sajith Perera', 'SAJITH321', 'sajith.p@sliit.lk', 'Malabe', 'client'),
(81, 'Michika Iranga', '123456', '<script>alert("ggwp")</script>', 'malabe', 'client');

-- --------------------------------------------------------

--
-- Table structure for table `feedback_tbl`
--

CREATE TABLE `feedback_tbl` (
  `feedbackID` int(5) NOT NULL,
  `cemail` varchar(50) NOT NULL,
  `feedbacktype` varchar(50) NOT NULL,
  `feedback` varchar(200) NOT NULL
) ENGINE=InnoDB DEFAULT CHARSET=latin1;

--
-- Dumping data for table `feedback_tbl`
--

INSERT INTO `feedback_tbl` (`feedbackID`, `cemail`, `feedbacktype`, `feedback`) VALUES
(1, 'v@gmail.com', 'Bin Cleaning issue', 'bin cleaning issue');

-- --------------------------------------------------------

--
-- Table structure for table `fri_binLevel_tbl`
--

CREATE TABLE `fri_binLevel_tbl` (
  `binID` varchar(10) NOT NULL,
  `week_1_09:30` double NOT NULL DEFAULT '0',
  `week_1_15:30` double NOT NULL DEFAULT '0',
  `week_1_21:30` double NOT NULL DEFAULT '0',
  `week_2_15:30` double NOT NULL DEFAULT '0',
  `week_2_21:30` double NOT NULL DEFAULT '0',
  `week_2_09:30` double NOT NULL DEFAULT '0',
  `week_3_15:30` double NOT NULL DEFAULT '0',
  `week_3_21:30` double NOT NULL DEFAULT '0',
  `week_3_09:30` double NOT NULL DEFAULT '0',
  `week_4_15:30` double NOT NULL DEFAULT '0',
  `week_4_21:30` double NOT NULL DEFAULT '0',
  `week_4_09:30` double NOT NULL DEFAULT '0',
  `week_5_15:30` double NOT NULL DEFAULT '0',
  `week_5_21:30` double NOT NULL DEFAULT '0',
  `week_5_09:30` double NOT NULL DEFAULT '0'
) ENGINE=InnoDB DEFAULT CHARSET=latin1;

--
-- Dumping data for table `fri_binLevel_tbl`
--

INSERT INTO `fri_binLevel_tbl` (`binID`, `week_1_09:30`, `week_1_15:30`, `week_1_21:30`, `week_2_15:30`, `week_2_21:30`, `week_2_09:30`, `week_3_15:30`, `week_3_21:30`, `week_3_09:30`, `week_4_15:30`, `week_4_21:30`, `week_4_09:30`, `week_5_15:30`, `week_5_21:30`, `week_5_09:30`) VALUES
('KDU-01-BI', 70.5548324584961, 72.95465087890625, 80, 72.95465087890625, 72.95465087890625, 70.5548324584961, 72.95465087890625, 72.95465087890625, 70.5548324584961, 72.95465087890625, 72.95465087890625, 70.5548324584961, 72.95465087890625, 72.95465087890625, 70.5548324584961),
('KDU-02-PA', 75.3662109375, 77.9296875, 77.9296875, 77.9296875, 77.9296875, 75.3662109375, 77.9296875, 77.9296875, 75.3662109375, 77.9296875, 77.9296875, 75.3662109375, 77.9296875, 77.9296875, 75.3662109375),
('KDU-03-GL', 43.2099609375, 44.6796875, 44.6796875, 44.6796875, 44.6796875, 43.2099609375, 44.6796875, 44.6796875, 43.2099609375, 44.6796875, 44.6796875, 43.2099609375, 44.6796875, 44.6796875, 43.2099609375),
('KDU-04-PL', 0, 0, 0, 0, 0, 0, 103.90625, 103.90625, 100.48828125, 103.90625, 103.90625, 100.48828125, 103.90625, 103.90625, 100.48828125),
('KDU-05-BI', 0, 0, 0, 0, 0, 0, 85.203125, 85.203125, 82.400390625, 85.203125, 85.203125, 82.400390625, 85.203125, 85.203125, 82.400390625),
('KDU-06-GL', 0, 0, 0, 0, 0, 0, 89.359375, 89.359375, 86.419921875, 89.359375, 89.359375, 86.419921875, 89.359375, 89.359375, 86.419921875),
('KDU-07-GL', 0, 0, 0, 0, 0, 0, 62.34375, 62.34375, 60.29296875, 62.34375, 62.34375, 60.29296875, 62.34375, 62.34375, 60.29296875),
('KDU-08-PA', 0, 0, 0, 0, 0, 0, 57.1484375, 57.1484375, 55.2685546875, 57.1484375, 57.1484375, 55.2685546875, 57.1484375, 57.1484375, 55.2685546875),
('KDU-09-PA', 0, 0, 0, 0, 0, 0, 31.171875, 31.171875, 30.146484375, 31.171875, 31.171875, 30.146484375, 31.171875, 31.171875, 30.146484375),
('MLB--PA', 0, 0, 0, 0, 0, 0, 0, 0, 0, 0, 0, 0, 0, 0, 0),
('MLB-01-BI', 69.3369140625, 71.6953125, 71.6953125, 71.6953125, 71.6953125, 69.3369140625, 71.6953125, 71.6953125, 69.3369140625, 71.6953125, 71.6953125, 69.3369140625, 71.6953125, 71.6953125, 69.3369140625),
('MLB-01-PA', 63.3076171875, 65.4609375, 65.4609375, 65.4609375, 65.4609375, 63.3076171875, 65.4609375, 65.4609375, 63.3076171875, 65.4609375, 65.4609375, 63.3076171875, 65.4609375, 65.4609375, 63.3076171875),
('MLB-02-PA', 52.25390625, 54.03125, 54.03125, 103.90625, 103.90625, 100.48828125, 103.90625, 103.90625, 100.48828125, 103.90625, 103.90625, 100.48828125, 103.90625, 103.90625, 100.48828125),
('MLB-03-PL', 74.361328125, 76.890625, 76.890625, 76.890625, 76.890625, 74.361328125, 76.890625, 76.890625, 74.361328125, 76.890625, 76.890625, 74.361328125, 76.890625, 76.890625, 74.361328125),
('MLB-04-BI', 59.2880859375, 61.3046875, 61.3046875, 88.3203125, 88.3203125, 85.4150390625, 88.3203125, 88.3203125, 85.4150390625, 88.3203125, 88.3203125, 85.4150390625, 88.3203125, 88.3203125, 85.4150390625),
('MLB-05-GL', 75.3662109375, 77.9296875, 77.9296875, 77.9296875, 77.9296875, 75.3662109375, 77.9296875, 77.9296875, 75.3662109375, 77.9296875, 77.9296875, 75.3662109375, 77.9296875, 77.9296875, 75.3662109375),
('MLB-06-PA', 78.380859375, 81.046875, 81.046875, 81.046875, 81.046875, 78.380859375, 81.046875, 81.046875, 78.380859375, 81.046875, 81.046875, 78.380859375, 81.046875, 81.046875, 78.380859375),
('MLB-07-BI', 78.380859375, 81.046875, 81.046875, 81.046875, 81.046875, 78.380859375, 81.046875, 81.046875, 78.380859375, 81.046875, 81.046875, 78.380859375, 81.046875, 81.046875, 78.380859375),
('MLB-07-PL', 59.2880859375, 61.3046875, 61.3046875, 61.3046875, 61.3046875, 59.2880859375, 61.3046875, 61.3046875, 59.2880859375, 61.3046875, 61.3046875, 59.2880859375, 61.3046875, 61.3046875, 59.2880859375),
('MLB-08-PA', 50.244140625, 51.953125, 51.953125, 51.953125, 51.953125, 50.244140625, 51.953125, 51.953125, 50.244140625, 51.953125, 51.953125, 50.244140625, 51.953125, 51.953125, 50.244140625),
('MLB-09-GL', 14.068359375, 14.546875, 14.546875, 14.546875, 14.546875, 14.068359375, 14.546875, 14.546875, 14.068359375, 14.546875, 14.546875, 14.068359375, 14.546875, 14.546875, 14.068359375),
('MLB-09-PL', 78.380859375, 81.046875, 81.046875, 81.046875, 81.046875, 78.380859375, 0, 0, 0, 0, 0, 0, 0, 0, 0),
('MLB-10-PA', 29.32453155517578, 29.1461124420166, 35.211036682128906, 80.7557373046875, -38.672271728515625, 92.99637603759766, 37.33351516723633, 37.33351516723633, 36.105438232421875, 37.33351516723633, 37.33351516723633, 36.105438232421875, 37.33351516723633, 37.33351516723633, 36.105438232421875),
('MLB-10-PL', 30.146484375, 31.171875, 31.171875, 0, 0, 0, 51.953125, 51.953125, 50.244140625, 51.953125, 51.953125, 50.244140625, 51.953125, 51.953125, 50.244140625),
('MLB-11-PA', 50.244140625, 51.953125, 51.953125, 51.953125, 51.953125, 50.244140625, 51.953125, 51.953125, 50.244140625, 51.953125, 51.953125, 50.244140625, 51.953125, 51.953125, 50.244140625),
('MLB-12-GL', 85.4150390625, 88.3203125, 88.3203125, 88.3203125, 88.3203125, 85.4150390625, 88.3203125, 88.3203125, 85.4150390625, 88.3203125, 88.3203125, 85.4150390625, 88.3203125, 88.3203125, 85.4150390625),
('MLB-14-GL', 13.0634765625, 13.5078125, 13.5078125, 13.5078125, 13.5078125, 13.0634765625, 13.5078125, 13.5078125, 13.0634765625, 13.5078125, 13.5078125, 13.0634765625, 13.5078125, 13.5078125, 13.0634765625),
('MLB-15-PA', 78.380859375, 81.046875, 81.046875, 81.046875, 81.046875, 78.380859375, 81.046875, 81.046875, 78.380859375, 81.046875, 81.046875, 78.380859375, 81.046875, 81.046875, 78.380859375),
('MLB-28-PA', 0, 0, 0, 0, 0, 0, 23.8984375, 23.8984375, 23.1123046875, 23.8984375, 23.8984375, 23.1123046875, 23.8984375, 23.8984375, 23.1123046875);

-- --------------------------------------------------------

--
-- Table structure for table `garbagelvl_tbl`
--

CREATE TABLE `garbagelvl_tbl` (
  `month` int(11) NOT NULL,
  `paper` int(11) NOT NULL,
  `plastic` int(11) NOT NULL,
  `bio` int(11) NOT NULL,
  `glass` int(11) NOT NULL
) ENGINE=InnoDB DEFAULT CHARSET=latin1;

-- --------------------------------------------------------

--
-- Table structure for table `KDUregressionBI_tbl`
--

CREATE TABLE `KDUregressionBI_tbl` (
  `month` int(2) NOT NULL,
  `0k_200k` double NOT NULL DEFAULT '0',
  `200k_400k` double NOT NULL DEFAULT '0',
  `400k_600k` double NOT NULL DEFAULT '0',
  `600k_800k` double NOT NULL DEFAULT '0',
  `800k_1000k` double NOT NULL DEFAULT '0',
  `1000k_1200k` double NOT NULL DEFAULT '0',
  `1200k_1400k` double NOT NULL DEFAULT '0',
  `1400k_1600k` double NOT NULL DEFAULT '0',
  `1600k_1800k` double NOT NULL DEFAULT '0',
  `1800k_2000k` double NOT NULL DEFAULT '0',
  `2000k_2200k` double NOT NULL DEFAULT '0',
  `2200k_2400k` double NOT NULL DEFAULT '0',
  `2400k_2600k` double NOT NULL DEFAULT '0',
  `2600k_2800k` double NOT NULL DEFAULT '0',
  `2800k_3000k` double NOT NULL DEFAULT '0'
) ENGINE=InnoDB DEFAULT CHARSET=latin1;

-- --------------------------------------------------------

--
-- Table structure for table `KDUregressionGL_tbl`
--

CREATE TABLE `KDUregressionGL_tbl` (
  `month` int(2) NOT NULL,
  `0k_200k` double NOT NULL DEFAULT '0',
  `200k_400k` double NOT NULL DEFAULT '0',
  `400k_600k` double NOT NULL DEFAULT '0',
  `600k_800k` double NOT NULL DEFAULT '0',
  `800k_1000k` double NOT NULL DEFAULT '0',
  `1000k_1200k` double NOT NULL DEFAULT '0',
  `1200k_1400k` double NOT NULL DEFAULT '0',
  `1400k_1600k` double NOT NULL DEFAULT '0',
  `1600k_1800k` double NOT NULL DEFAULT '0',
  `1800k_2000k` double NOT NULL DEFAULT '0',
  `2000k_2200k` double NOT NULL DEFAULT '0',
  `2200k_2400k` double NOT NULL DEFAULT '0',
  `2400k_2600k` double NOT NULL DEFAULT '0',
  `2600k_2800k` double NOT NULL DEFAULT '0',
  `2800k_3000k` double NOT NULL DEFAULT '0'
) ENGINE=InnoDB DEFAULT CHARSET=latin1;

-- --------------------------------------------------------

--
-- Table structure for table `KDUregressionPA_tbl`
--

CREATE TABLE `KDUregressionPA_tbl` (
  `month` int(2) NOT NULL,
  `0k_200k` double NOT NULL DEFAULT '0',
  `200k_400k` double NOT NULL DEFAULT '0',
  `400k_600k` double NOT NULL DEFAULT '0',
  `600k_800k` double NOT NULL DEFAULT '0',
  `800k_1000k` double NOT NULL DEFAULT '0',
  `1000k_1200k` double NOT NULL DEFAULT '0',
  `1200k_1400k` double NOT NULL DEFAULT '0',
  `1400k_1600k` double NOT NULL DEFAULT '0',
  `1600k_1800k` double NOT NULL DEFAULT '0',
  `1800k_2000k` double NOT NULL DEFAULT '0',
  `2000k_2200k` double NOT NULL DEFAULT '0',
  `2200k_2400k` double NOT NULL DEFAULT '0',
  `2400k_2600k` double NOT NULL DEFAULT '0',
  `2600k_2800k` double NOT NULL DEFAULT '0',
  `2800k_3000k` double NOT NULL DEFAULT '0'
) ENGINE=InnoDB DEFAULT CHARSET=latin1;

-- --------------------------------------------------------

--
-- Table structure for table `KDUregressionPL_tbl`
--

CREATE TABLE `KDUregressionPL_tbl` (
  `month` int(2) NOT NULL,
  `0k_200k` double NOT NULL DEFAULT '0',
  `200k_400k` double NOT NULL DEFAULT '0',
  `400k_600k` double NOT NULL DEFAULT '0',
  `600k_800k` double NOT NULL DEFAULT '0',
  `800k_1000k` double NOT NULL DEFAULT '0',
  `1000k_1200k` double NOT NULL DEFAULT '0',
  `1200k_1400k` double NOT NULL DEFAULT '0',
  `1400k_1600k` double NOT NULL DEFAULT '0',
  `1600k_1800k` double NOT NULL DEFAULT '0',
  `1800k_2000k` double NOT NULL DEFAULT '0',
  `2000k_2200k` double NOT NULL DEFAULT '0',
  `2200k_2400k` double NOT NULL DEFAULT '0',
  `2400k_2600k` double NOT NULL DEFAULT '0',
  `2600k_2800k` double NOT NULL DEFAULT '0',
  `2800k_3000k` double NOT NULL DEFAULT '0'
) ENGINE=InnoDB DEFAULT CHARSET=latin1;

-- --------------------------------------------------------

--
-- Table structure for table `MLBregressionBI_tbl`
--

CREATE TABLE `MLBregressionBI_tbl` (
  `month` int(2) NOT NULL,
  `0k_200k` double NOT NULL DEFAULT '0',
  `200k_400k` double NOT NULL DEFAULT '0',
  `400k_600k` double NOT NULL DEFAULT '0',
  `600k_800k` double NOT NULL DEFAULT '0',
  `800k_1000k` double NOT NULL DEFAULT '0',
  `1000k_1200k` double NOT NULL DEFAULT '0',
  `1200k_1400k` double NOT NULL DEFAULT '0',
  `1400k_1600k` double NOT NULL DEFAULT '0',
  `1600k_1800k` double NOT NULL DEFAULT '0',
  `1800k_2000k` double NOT NULL DEFAULT '0',
  `2000k_2200k` double NOT NULL DEFAULT '0',
  `2200k_2400k` double NOT NULL DEFAULT '0',
  `2400k_2600k` double NOT NULL DEFAULT '0',
  `2600k_2800k` double NOT NULL DEFAULT '0',
  `2800k_3000k` double NOT NULL DEFAULT '0'
) ENGINE=InnoDB DEFAULT CHARSET=latin1;

-- --------------------------------------------------------

--
-- Table structure for table `MLBregressionGL_tbl`
--

CREATE TABLE `MLBregressionGL_tbl` (
  `month` int(2) NOT NULL,
  `0k_200k` double NOT NULL DEFAULT '0',
  `200k_400k` double NOT NULL DEFAULT '0',
  `400k_600k` double NOT NULL DEFAULT '0',
  `600k_800k` double NOT NULL DEFAULT '0',
  `800k_1000k` double NOT NULL DEFAULT '0',
  `1000k_1200k` double NOT NULL DEFAULT '0',
  `1200k_1400k` double NOT NULL DEFAULT '0',
  `1400k_1600k` double NOT NULL DEFAULT '0',
  `1600k_1800k` double NOT NULL DEFAULT '0',
  `1800k_2000k` double NOT NULL DEFAULT '0',
  `2000k_2200k` double NOT NULL DEFAULT '0',
  `2200k_2400k` double NOT NULL DEFAULT '0',
  `2400k_2600k` double NOT NULL DEFAULT '0',
  `2600k_2800k` double NOT NULL DEFAULT '0',
  `2800k_3000k` double NOT NULL DEFAULT '0'
) ENGINE=InnoDB DEFAULT CHARSET=latin1;

--
-- Dumping data for table `MLBregressionGL_tbl`
--

INSERT INTO `MLBregressionGL_tbl` (`month`, `0k_200k`, `200k_400k`, `400k_600k`, `600k_800k`, `800k_1000k`, `1000k_1200k`, `1200k_1400k`, `1400k_1600k`, `1600k_1800k`, `1800k_2000k`, `2000k_2200k`, `2200k_2400k`, `2400k_2600k`, `2600k_2800k`, `2800k_3000k`) VALUES
(1, 4, 7, 5, 4, 9, 8, 7, 7, 6, 5, 3, 2, 1, 1, 1),
(2, 2, 5, 7, 5, 6, 10, 6, 8, 5, 4, 5, 3, 2, 2, 0),
(3, 3, 6, 7, 6, 5, 11, 5, 7, 8, 4, 2, 3, 2, 0, 1);

-- --------------------------------------------------------

--
-- Table structure for table `MLBregressionPA_tbl`
--

CREATE TABLE `MLBregressionPA_tbl` (
  `month` int(2) NOT NULL,
  `0k_200k` double NOT NULL DEFAULT '0',
  `200k_400k` double NOT NULL DEFAULT '0',
  `400k_600k` double NOT NULL DEFAULT '0',
  `600k_800k` double NOT NULL DEFAULT '0',
  `800k_1000k` double NOT NULL DEFAULT '0',
  `1000k_1200k` double NOT NULL DEFAULT '0',
  `1200k_1400k` double NOT NULL DEFAULT '0',
  `1400k_1600k` double NOT NULL DEFAULT '0',
  `1600k_1800k` double NOT NULL DEFAULT '0',
  `1800k_2000k` double NOT NULL DEFAULT '0',
  `2000k_2200k` double NOT NULL DEFAULT '0',
  `2200k_2400k` double NOT NULL DEFAULT '0',
  `2400k_2600k` double NOT NULL DEFAULT '0',
  `2600k_2800k` double NOT NULL DEFAULT '0',
  `2800k_3000k` double NOT NULL DEFAULT '0'
) ENGINE=InnoDB DEFAULT CHARSET=latin1;

--
-- Dumping data for table `MLBregressionPA_tbl`
--

INSERT INTO `MLBregressionPA_tbl` (`month`, `0k_200k`, `200k_400k`, `400k_600k`, `600k_800k`, `800k_1000k`, `1000k_1200k`, `1200k_1400k`, `1400k_1600k`, `1600k_1800k`, `1800k_2000k`, `2000k_2200k`, `2200k_2400k`, `2400k_2600k`, `2600k_2800k`, `2800k_3000k`) VALUES
(1, 4, 7, 5, 4, 9, 8, 7, 7, 6, 5, 3, 2, 1, 1, 1),
(2, 2, 5, 7, 5, 6, 10, 6, 8, 5, 4, 5, 3, 2, 2, 0),
(3, 3, 6, 7, 6, 5, 11, 5, 7, 8, 4, 2, 3, 2, 0, 1),
(4, 5, 3, 4, 7, 8, 9, 10, 5, 5, 3, 4, 2, 1, 3, 1),
(5, 2, 1, 10, 10, 9, 8, 6, 8, 4, 2, 1, 3, 4, 2, 0),
(6, 4, 0, 0, 0, 0, 0, 0, 0, 0, 0, 0, 0, 0, 0, 0),
(7, 0, 0, 0, 0, 0, 0, 0, 0, 0, 0, 0, 0, 0, 0, 0),
(8, 4, 7, 5, 4, 9, 8, 7, 7, 6, 5, 3, 2, 1, 1, 1),
(9, 2, 5, 7, 5, 6, 10, 6, 8, 5, 4, 5, 3, 2, 2, 0),
(10, 3, 6, 7, 6, 5, 11, 5, 7, 8, 4, 2, 3, 2, 0, 1),
(11, 5, 3, 4, 7, 8, 9, 10, 5, 5, 3, 4, 2, 1, 3, 1),
(12, 2, 1, 10, 10, 9, 8, 6, 8, 4, 2, 1, 3, 4, 2, 0);

-- --------------------------------------------------------

--
-- Table structure for table `MLBregressionPL_tbl`
--

CREATE TABLE `MLBregressionPL_tbl` (
  `month` int(2) NOT NULL,
  `0k_200k` double NOT NULL DEFAULT '0',
  `200k_400k` double NOT NULL DEFAULT '0',
  `400k_600k` double NOT NULL DEFAULT '0',
  `600k_800k` double NOT NULL DEFAULT '0',
  `800k_1000k` double NOT NULL DEFAULT '0',
  `1000k_1200k` double NOT NULL DEFAULT '0',
  `1200k_1400k` double NOT NULL DEFAULT '0',
  `1400k_1600k` double NOT NULL DEFAULT '0',
  `1600k_1800k` double NOT NULL DEFAULT '0',
  `1800k_2000k` double NOT NULL DEFAULT '0',
  `2000k_2200k` double NOT NULL DEFAULT '0',
  `2200k_2400k` double NOT NULL DEFAULT '0',
  `2400k_2600k` double NOT NULL DEFAULT '0',
  `2600k_2800k` double NOT NULL DEFAULT '0',
  `2800k_3000k` double NOT NULL DEFAULT '0'
) ENGINE=InnoDB DEFAULT CHARSET=latin1;

--
-- Dumping data for table `MLBregressionPL_tbl`
--

INSERT INTO `MLBregressionPL_tbl` (`month`, `0k_200k`, `200k_400k`, `400k_600k`, `600k_800k`, `800k_1000k`, `1000k_1200k`, `1200k_1400k`, `1400k_1600k`, `1600k_1800k`, `1800k_2000k`, `2000k_2200k`, `2200k_2400k`, `2400k_2600k`, `2600k_2800k`, `2800k_3000k`) VALUES
(1, 4, 7, 5, 4, 9, 8, 7, 7, 6, 5, 3, 2, 1, 1, 1),
(2, 2, 5, 7, 5, 6, 10, 6, 8, 5, 4, 5, 3, 2, 2, 0),
(3, 3, 6, 7, 6, 5, 11, 5, 7, 8, 4, 2, 3, 2, 0, 1);

-- --------------------------------------------------------

--
-- Table structure for table `monthlvlavg_tbl`
--

CREATE TABLE `monthlvlavg_tbl` (
  `id` int(50) NOT NULL,
  `month` varchar(10) NOT NULL,
  `PL` double NOT NULL DEFAULT '0',
  `PA` double NOT NULL DEFAULT '0',
  `BD` double NOT NULL DEFAULT '0',
  `GL` double NOT NULL DEFAULT '0'
) ENGINE=InnoDB DEFAULT CHARSET=latin1;

--
-- Dumping data for table `monthlvlavg_tbl`
--

INSERT INTO `monthlvlavg_tbl` (`id`, `month`, `PL`, `PA`, `BD`, `GL`) VALUES
(1, 'January', 642.18, 132.66, 328.79, 501),
(2, 'February', 558.96, 151.02, 365.13, 312),
(3, 'March', 617.52, 167.46, 417.03, 301),
(4, 'April', 613.58, 171.3, 346.64, 321),
(5, 'May', 553.24, 200.78, 344.11, 256),
(6, 'June', 612.54, 196.7, 350.14, 227),
(7, 'July', 619.4, 209.64, 382.5, 282),
(8, 'August', 582.36, 173.4, 324.3, 362),
(9, 'September', 611.64, 208.36, 296.48, 387),
(10, 'October', 673, 196.32, 334.32, 123),
(11, 'November', 698.2, 199.5, 331.5, 384),
(12, 'December', 763.89, 228.34, 336.76, 253);

-- --------------------------------------------------------

--
-- Table structure for table `mon_binLevel_tbl`
--

CREATE TABLE `mon_binLevel_tbl` (
  `binID` varchar(10) NOT NULL,
  `week_1_09:30` double NOT NULL DEFAULT '0',
  `week_1_15:30` double NOT NULL DEFAULT '0',
  `week_1_21:30` double NOT NULL DEFAULT '0',
  `week_2_15:30` double NOT NULL DEFAULT '0',
  `week_2_21:30` double NOT NULL DEFAULT '0',
  `week_2_09:30` double NOT NULL DEFAULT '0',
  `week_3_15:30` double NOT NULL DEFAULT '0',
  `week_3_21:30` double NOT NULL DEFAULT '0',
  `week_3_09:30` double NOT NULL DEFAULT '0',
  `week_4_15:30` double NOT NULL DEFAULT '0',
  `week_4_21:30` double NOT NULL DEFAULT '0',
  `week_4_09:30` double NOT NULL DEFAULT '0',
  `week_5_15:30` double NOT NULL DEFAULT '0',
  `week_5_21:30` double NOT NULL DEFAULT '0',
  `week_5_09:30` double NOT NULL DEFAULT '0'
) ENGINE=InnoDB DEFAULT CHARSET=latin1;

--
-- Dumping data for table `mon_binLevel_tbl`
--

INSERT INTO `mon_binLevel_tbl` (`binID`, `week_1_09:30`, `week_1_15:30`, `week_1_21:30`, `week_2_15:30`, `week_2_21:30`, `week_2_09:30`, `week_3_15:30`, `week_3_21:30`, `week_3_09:30`, `week_4_15:30`, `week_4_21:30`, `week_4_09:30`, `week_5_15:30`, `week_5_21:30`, `week_5_09:30`) VALUES
('KDU-01-BI', 70.5548324584961, 72.95465087890625, 72.95465087890625, 72.95465087890625, 72.95465087890625, 70.5548324584961, 72.95465087890625, 72.95465087890625, 70.5548324584961, 72.95465087890625, 72.95465087890625, 70.5548324584961, 72.95465087890625, 72.95465087890625, 70.5548324584961),
('KDU-02-PA', 75.3662109375, 77.9296875, 77.9296875, 81, 41, 52, 77.9296875, 77.9296875, 75.3662109375, 77.9296875, 77.9296875, 75.3662109375, 77.9296875, 77.9296875, 75.3662109375),
('KDU-03-GL', 43.2099609375, 44.6796875, 44.6796875, 44.6796875, 44.6796875, 43.2099609375, 44.6796875, 44.6796875, 43.2099609375, 44.6796875, 44.6796875, 43.2099609375, 44.6796875, 44.6796875, 43.2099609375),
('KDU-04-PL', 100.48828125, 103.90625, 103.90625, 0, 86, 98, 103.90625, 103.90625, 100.48828125, 103.90625, 103.90625, 100.48828125, 103.90625, 103.90625, 100.48828125),
('KDU-05-BI', 82.400390625, 85.203125, 85.203125, 92, 81, 96, 85.203125, 85.203125, 82.400390625, 85.203125, 85.203125, 82.400390625, 85.203125, 85.203125, 82.400390625),
('KDU-06-GL', 86.419921875, 89.359375, 89.359375, 0, 0, 0, 89.359375, 89.359375, 86.419921875, 89.359375, 89.359375, 86.419921875, 89.359375, 89.359375, 86.419921875),
('KDU-07-GL', 60.29296875, 62.34375, 62.34375, 0, 0, 0, 62.34375, 62.34375, 60.29296875, 62.34375, 62.34375, 60.29296875, 62.34375, 62.34375, 60.29296875),
('KDU-08-PA', 55.2685546875, 57.1484375, 57.1484375, 0, 0, 0, 57.1484375, 57.1484375, 55.2685546875, 57.1484375, 57.1484375, 55.2685546875, 57.1484375, 57.1484375, 55.2685546875),
('KDU-09-PA', 30.146484375, 31.171875, 31.171875, 0, 0, 0, 31.171875, 31.171875, 30.146484375, 31.171875, 31.171875, 30.146484375, 31.171875, 31.171875, 30.146484375),
('MLB--PA', 0, 0, 0, 0, 0, 0, 0, 0, 0, 0, 0, 0, 0, 0, 0),
('MLB-01-BI', 69.3369140625, 71.6953125, 71.6953125, 71.6953125, 71.6953125, 69.3369140625, 71.6953125, 71.6953125, 69.3369140625, 71.6953125, 71.6953125, 69.3369140625, 71.6953125, 71.6953125, 69.3369140625),
('MLB-01-PA', 63.3076171875, 65.4609375, 65.4609375, 65.4609375, 65.4609375, 63.3076171875, 65.4609375, 65.4609375, 63.3076171875, 65.4609375, 65.4609375, 63.3076171875, 65.4609375, 65.4609375, 63.3076171875),
('MLB-02-PA', 100.48828125, 103.90625, 103.90625, 93.40625, 27.78125, 98.51953125, 103.90625, 103.90625, 100.48828125, 103.90625, 103.90625, 100.48828125, 103.90625, 103.90625, 100.48828125),
('MLB-03-PL', 74.361328125, 76.890625, 76.890625, 76.890625, 76.890625, 74.361328125, 76.890625, 76.890625, 74.361328125, 76.890625, 76.890625, 74.361328125, 76.890625, 76.890625, 74.361328125),
('MLB-04-BI', 85.4150390625, 88.3203125, 88.3203125, 82.6328125, 47.0859375, 84.3486328125, 88.3203125, 88.3203125, 85.4150390625, 88.3203125, 88.3203125, 85.4150390625, 88.3203125, 88.3203125, 85.4150390625),
('MLB-05-GL', 75.3662109375, 77.9296875, 77.9296875, 77.9296875, 77.9296875, 75.3662109375, 77.9296875, 77.9296875, 75.3662109375, 77.9296875, 77.9296875, 75.3662109375, 77.9296875, 77.9296875, 75.3662109375),
('MLB-06-PA', 78.380859375, 81.046875, 81.046875, 81.046875, 81.046875, 78.380859375, 81.046875, 81.046875, 78.380859375, 81.046875, 81.046875, 78.380859375, 81.046875, 81.046875, 78.380859375),
('MLB-07-BI', 78.380859375, 81.046875, 81.046875, 81.046875, 81.046875, 78.380859375, 81.046875, 81.046875, 78.380859375, 81.046875, 81.046875, 78.380859375, 81.046875, 81.046875, 78.380859375),
('MLB-07-PL', 59.2880859375, 61.3046875, 61.3046875, 61.3046875, 61.3046875, 59.2880859375, 61.3046875, 61.3046875, 59.2880859375, 61.3046875, 61.3046875, 59.2880859375, 61.3046875, 61.3046875, 59.2880859375),
('MLB-08-PA', 50.244140625, 51.953125, 51.953125, 51.953125, 51.953125, 50.244140625, 51.953125, 51.953125, 50.244140625, 51.953125, 51.953125, 50.244140625, 51.953125, 51.953125, 50.244140625),
('MLB-09-GL', 14.068359375, 14.546875, 14.546875, 14.546875, 45, 14.068359375, 14.546875, 14.546875, 14.068359375, 14.546875, 14.546875, 14.068359375, 14.546875, 14.546875, 14.068359375),
('MLB-09-PL', 0, 0, 0, 34, 81.046875, 78.380859375, 17.0625, 17.0625, 3.19921875, 0, 0, 0, 0, 0, 0),
('MLB-10-PA', 36.105438232421875, 37.33351516723633, 37.33351516723633, 29.1461124420166, 29.1461124420166, 28.187358856201172, 8.338846206665039, 14.89140510559082, 47.591800689697266, 37.33351516723633, 37.33351516723633, 36.105438232421875, 37.33351516723633, 37.33351516723633, 36.105438232421875),
('MLB-10-PL', 50.244140625, 51.953125, 51.953125, 31.171875, 31.171875, 30.146484375, 41.015625, 0, 48.193359375, 51.953125, 51.953125, 50.244140625, 51.953125, 51.953125, 50.244140625),
('MLB-11-PA', 50.244140625, 51.953125, 51.953125, 51.953125, 51.953125, 50.244140625, 51.953125, 51.953125, 50.244140625, 51.953125, 51.953125, 50.244140625, 51.953125, 51.953125, 50.244140625),
('MLB-12-GL', 85.4150390625, 88.3203125, 88.3203125, 65, 88.3203125, 85.4150390625, 88.3203125, 88.3203125, 85.4150390625, 88.3203125, 88.3203125, 85.4150390625, 88.3203125, 88.3203125, 85.4150390625),
('MLB-14-GL', 13.0634765625, 13.5078125, 13.5078125, 13.5078125, 13.5078125, 13.0634765625, 13.5078125, 13.5078125, 13.0634765625, 13.5078125, 13.5078125, 13.0634765625, 13.5078125, 13.5078125, 13.0634765625),
('MLB-15-PA', 78.380859375, 81.046875, 81.046875, 56, 81.046875, 78.380859375, 81.046875, 81.046875, 78.380859375, 81.046875, 81.046875, 78.380859375, 81.046875, 81.046875, 78.380859375),
('MLB-28-PA', 23.1123046875, 23.8984375, 23.8984375, 0, 0, 0, 18.8671875, 18.8671875, 22.1689453125, 23.8984375, 23.8984375, 23.1123046875, 23.8984375, 23.8984375, 23.1123046875);

-- --------------------------------------------------------

--
-- Table structure for table `newsalerts_tbl`
--

CREATE TABLE `newsalerts_tbl` (
  `id` int(10) NOT NULL,
  `addedby` varchar(50) NOT NULL,
  `alert` varchar(100) NOT NULL
) ENGINE=InnoDB DEFAULT CHARSET=latin1;

-- --------------------------------------------------------

--
-- Table structure for table `sat_binLevel_tbl`
--

CREATE TABLE `sat_binLevel_tbl` (
  `binID` varchar(10) NOT NULL,
  `week_1_09:30` double NOT NULL DEFAULT '0',
  `week_1_15:30` double NOT NULL DEFAULT '0',
  `week_1_21:30` double NOT NULL DEFAULT '0',
  `week_2_15:30` double NOT NULL DEFAULT '0',
  `week_2_21:30` double NOT NULL DEFAULT '0',
  `week_2_09:30` double NOT NULL DEFAULT '0',
  `week_3_15:30` double NOT NULL DEFAULT '0',
  `week_3_21:30` double NOT NULL DEFAULT '0',
  `week_3_09:30` double NOT NULL DEFAULT '0',
  `week_4_15:30` double NOT NULL DEFAULT '0',
  `week_4_21:30` double NOT NULL DEFAULT '0',
  `week_4_09:30` double NOT NULL DEFAULT '0',
  `week_5_15:30` double NOT NULL DEFAULT '0',
  `week_5_21:30` double NOT NULL DEFAULT '0',
  `week_5_09:30` double NOT NULL DEFAULT '0'
) ENGINE=InnoDB DEFAULT CHARSET=latin1;

--
-- Dumping data for table `sat_binLevel_tbl`
--

INSERT INTO `sat_binLevel_tbl` (`binID`, `week_1_09:30`, `week_1_15:30`, `week_1_21:30`, `week_2_15:30`, `week_2_21:30`, `week_2_09:30`, `week_3_15:30`, `week_3_21:30`, `week_3_09:30`, `week_4_15:30`, `week_4_21:30`, `week_4_09:30`, `week_5_15:30`, `week_5_21:30`, `week_5_09:30`) VALUES
('KDU-01-BI', 0, 0, 0, 72.95465087890625, 72.95465087890625, 70.5548324584961, 72.95465087890625, 72.95465087890625, 70.5548324584961, 72.95465087890625, 72.95465087890625, 70.5548324584961, 72.95465087890625, 72.95465087890625, 70.5548324584961),
('KDU-02-PA', 0, 0, 0, 77.9296875, 77.9296875, 75.3662109375, 77.9296875, 77.9296875, 75.3662109375, 77.9296875, 77.9296875, 75.3662109375, 77.9296875, 77.9296875, 75.3662109375),
('KDU-03-GL', 0, 0, 0, 44.6796875, 44.6796875, 43.2099609375, 44.6796875, 44.6796875, 43.2099609375, 44.6796875, 44.6796875, 43.2099609375, 44.6796875, 44.6796875, 43.2099609375),
('KDU-04-PL', 0, 0, 0, 82.03125, 82.03125, 96.38671875, 103.90625, 103.90625, 100.48828125, 103.90625, 103.90625, 100.48828125, 103.90625, 103.90625, 100.48828125),
('KDU-05-BI', 0, 0, 0, 67.265625, 67.265625, 79.037109375, 85.203125, 85.203125, 82.400390625, 85.203125, 85.203125, 82.400390625, 85.203125, 85.203125, 82.400390625),
('KDU-06-GL', 0, 0, 0, 70.546875, 70.546875, 82.892578125, 89.359375, 89.359375, 86.419921875, 89.359375, 89.359375, 86.419921875, 89.359375, 89.359375, 86.419921875),
('KDU-07-GL', 0, 0, 0, 49.21875, 49.21875, 57.83203125, 62.34375, 62.34375, 60.29296875, 62.34375, 62.34375, 60.29296875, 62.34375, 62.34375, 60.29296875),
('KDU-08-PA', 0, 0, 0, 45.1171875, 45.1171875, 53.0126953125, 57.1484375, 57.1484375, 55.2685546875, 57.1484375, 57.1484375, 55.2685546875, 57.1484375, 57.1484375, 55.2685546875),
('KDU-09-PA', 0, 0, 0, 24.609375, 24.609375, 28.916015625, 31.171875, 31.171875, 30.146484375, 31.171875, 31.171875, 30.146484375, 31.171875, 31.171875, 30.146484375),
('MLB--PA', 0, 0, 0, 0, 0, 0, 0, 0, 0, 0, 0, 0, 0, 0, 0),
('MLB-01-BI', 0, 0, 0, 71.6953125, 71.6953125, 69.3369140625, 71.6953125, 71.6953125, 69.3369140625, 71.6953125, 71.6953125, 69.3369140625, 71.6953125, 71.6953125, 69.3369140625),
('MLB-01-PA', 0, 0, 0, 65.4609375, 65.4609375, 63.3076171875, 65.4609375, 65.4609375, 63.3076171875, 65.4609375, 65.4609375, 63.3076171875, 65.4609375, 65.4609375, 63.3076171875),
('MLB-02-PA', 0, 0, 0, 103.90625, 103.90625, 100.48828125, 103.90625, 103.90625, 100.48828125, 103.90625, 103.90625, 100.48828125, 103.90625, 103.90625, 100.48828125),
('MLB-03-PL', 0, 0, 0, 76.890625, 76.890625, 74.361328125, 76.890625, 76.890625, 74.361328125, 76.890625, 76.890625, 74.361328125, 76.890625, 76.890625, 74.361328125),
('MLB-04-BI', 0, 0, 0, 88.3203125, 88.3203125, 85.4150390625, 88.3203125, 88.3203125, 85.4150390625, 88.3203125, 88.3203125, 85.4150390625, 88.3203125, 88.3203125, 85.4150390625),
('MLB-05-GL', 0, 0, 0, 77.9296875, 77.9296875, 75.3662109375, 77.9296875, 77.9296875, 75.3662109375, 77.9296875, 77.9296875, 75.3662109375, 77.9296875, 77.9296875, 75.3662109375),
('MLB-06-PA', 0, 0, 0, 81.046875, 81.046875, 78.380859375, 81.046875, 81.046875, 78.380859375, 81.046875, 81.046875, 78.380859375, 81.046875, 81.046875, 78.380859375),
('MLB-07-BI', 0, 0, 0, 81.046875, 81.046875, 78.380859375, 81.046875, 81.046875, 78.380859375, 81.046875, 81.046875, 78.380859375, 81.046875, 81.046875, 78.380859375),
('MLB-07-PL', 0, 0, 0, 61.3046875, 61.3046875, 59.2880859375, 61.3046875, 61.3046875, 59.2880859375, 61.3046875, 61.3046875, 59.2880859375, 61.3046875, 61.3046875, 59.2880859375),
('MLB-08-PA', 0, 0, 0, 51.953125, 51.953125, 50.244140625, 51.953125, 51.953125, 50.244140625, 51.953125, 51.953125, 50.244140625, 51.953125, 51.953125, 50.244140625),
('MLB-09-GL', 0, 0, 0, 14.546875, 14.546875, 14.068359375, 14.546875, 14.546875, 14.068359375, 14.546875, 14.546875, 14.068359375, 14.546875, 14.546875, 14.068359375),
('MLB-09-PL', 0, 0, 0, 81.046875, 81.046875, 78.380859375, 0, 0, 0, 0, 0, 0, 0, 0, 0),
('MLB-10-PA', 60, 18, 45, -30.59658432006836, 26.271038055419922, 10.107223510742188, 37.33351516723633, 37.33351516723633, 36.105438232421875, 37.33351516723633, 37.33351516723633, 36.105438232421875, 37.33351516723633, 37.33351516723633, 36.105438232421875),
('MLB-10-PL', 0, 0, 0, 0, 0, 0, 51.953125, 51.953125, 50.244140625, 51.953125, 51.953125, 50.244140625, 51.953125, 51.953125, 50.244140625),
('MLB-11-PA', 0, 0, 0, 51.953125, 51.953125, 50.244140625, 51.953125, 51.953125, 50.244140625, 51.953125, 51.953125, 50.244140625, 51.953125, 51.953125, 50.244140625),
('MLB-12-GL', 0, 0, 0, 88.3203125, 88.3203125, 85.4150390625, 88.3203125, 88.3203125, 85.4150390625, 88.3203125, 88.3203125, 85.4150390625, 88.3203125, 88.3203125, 85.4150390625),
('MLB-14-GL', 0, 0, 0, 13.5078125, 13.5078125, 13.0634765625, 13.5078125, 13.5078125, 13.0634765625, 13.5078125, 13.5078125, 13.0634765625, 13.5078125, 13.5078125, 13.0634765625),
('MLB-15-PA', 0, 0, 0, 81.046875, 81.046875, 78.380859375, 81.046875, 81.046875, 78.380859375, 81.046875, 81.046875, 78.380859375, 81.046875, 81.046875, 78.380859375),
('MLB-28-PA', 0, 0, 0, 0, 0, 0, 23.8984375, 23.8984375, 23.1123046875, 23.8984375, 23.8984375, 23.1123046875, 23.8984375, 23.8984375, 23.1123046875);

-- --------------------------------------------------------

--
-- Table structure for table `sensorCheck_tbl`
--

CREATE TABLE `sensorCheck_tbl` (
  `binID` varchar(10) NOT NULL,
  `garbageLevel` double NOT NULL DEFAULT '0',
  `filedLevel_1` double NOT NULL DEFAULT '0',
  `filedLevel_2` double NOT NULL DEFAULT '0',
  `sensorDiff` double NOT NULL DEFAULT '0',
  `Time` int(11) NOT NULL DEFAULT '0',
  `faultCheck1` varchar(10) NOT NULL DEFAULT 'No',
  `faultCheck2` varchar(15) NOT NULL DEFAULT 'No',
  `faultCheck3` varchar(15) NOT NULL DEFAULT 'No'
) ENGINE=InnoDB DEFAULT CHARSET=latin1;

--
-- Dumping data for table `sensorCheck_tbl`
--

INSERT INTO `sensorCheck_tbl` (`binID`, `garbageLevel`, `filedLevel_1`, `filedLevel_2`, `sensorDiff`, `Time`, `faultCheck1`, `faultCheck2`, `faultCheck3`) VALUES
('KDU-01-BI', 70.212, 65.1017626126607, 60.2182785669963, 4.88348404566447, 1, 'No', 'No', 'No'),
('KDU-02-PA', 75, 65.1017626126607, 60.2182785669963, 4.88348404566447, 1, 'Yes', 'No', 'Yes'),
('KDU-03-GL', 43, 65.1017626126607, 60.2182785669963, 4.88348404566447, 1, 'Yes', 'Yes', 'Yes'),
('KDU-04-PL', 100, 65.1017626126607, 60.2182785669963, 4.88348404566447, 0, 'No', 'No', 'No'),
('KDU-05-BI', 82, 65.1017626126607, 60.2182785669963, 4.88348404566447, 0, 'No', 'No', 'No'),
('KDU-06-GL', 86, 65.1017626126607, 60.2182785669963, 4.88348404566447, 0, 'No', 'No', 'No'),
('KDU-07-GL', 60, 65.1017626126607, 60.2182785669963, 4.88348404566447, 0, 'No', 'No', 'No'),
('KDU-08-PA', 55, 65.1017626126607, 60.2182785669963, 4.88348404566447, 0, 'No', 'No', 'No'),
('KDU-09-PA', 30, 65.1017626126607, 60.2182785669963, 4.88348404566447, 0, 'No', 'No', 'No'),
('MLB--PA', 0, 0, 0, 0, 0, 'No', 'No', 'No'),
('MLB-01-BI', 69, 65.1017626126607, 60.2182785669963, 4.88348404566447, 1, 'Yes', 'Yes', 'Yes'),
('MLB-01-PA', 63, 65.1017626126607, 60.2182785669963, 4.88348404566447, 1, 'Yes', 'Yes', 'No'),
('MLB-02-PA', 100, 65.1017626126607, 60.2182785669963, 4.88348404566447, 1, 'Yes', 'Yes', 'Yes'),
('MLB-03-PL', 74, 65.1017626126607, 60.2182785669963, 4.88348404566447, 1, 'Yes', 'Yes', 'Yes'),
('MLB-04-BI', 85, 65.1017626126607, 60.2182785669963, 4.88348404566447, 1, 'Yes', 'Yes', 'Yes'),
('MLB-05-GL', 75, 65.1017626126607, 60.2182785669963, 4.88348404566447, 1, 'Yes', 'Yes', 'Yes'),
('MLB-06-PA', 78, 65.1017626126607, 60.2182785669963, 4.88348404566447, 1, 'Yes', 'Yes', 'Yes'),
('MLB-07-BI', 78, 65.1017626126607, 60.2182785669963, 4.88348404566447, 1, 'Yes', 'Yes', 'Yes'),
('MLB-07-PL', 59, 65.1017626126607, 60.2182785669963, 4.88348404566447, 1, 'Yes', 'Yes', 'Yes'),
('MLB-08-PA', 50, 65.1017626126607, 60.2182785669963, 4.88348404566447, 1, 'Yes', 'Yes', 'Yes'),
('MLB-09-GL', 14, 65.1017626126607, 60.2182785669963, 4.88348404566447, 1, 'Yes', 'Yes', 'Yes'),
('MLB-09-PL', 0, 65.1017626126607, 60.2182785669963, 4.88348404566447, 1, 'No', 'No', 'No'),
('MLB-10-PA', 51.6739708312014, 44.2866444587708, 35.1398229598999, 9.14682149887085, 17, 'Yes', 'No', 'No'),
('MLB-10-PL', 0, 65.1017626126607, 60.2182785669963, 4.88348404566447, 1, 'No', 'No', 'No'),
('MLB-11-PA', 50, 65.1017626126607, 60.2182785669963, 4.88348404566447, 1, 'Yes', 'Yes', 'Yes'),
('MLB-12-GL', 85, 65.1017626126607, 60.2182785669963, 4.88348404566447, 1, 'Yes', 'Yes', 'Yes'),
('MLB-14-GL', 13, 65.1017626126607, 60.2182785669963, 4.88348404566447, 1, 'Yes', 'Yes', 'Yes'),
('MLB-15-PA', 78, 65.1017626126607, 60.2182785669963, 4.88348404566447, 1, 'Yes', 'Yes', 'Yes'),
('MLB-28-PA', 23, 65.1017626126607, 60.2182785669963, 4.88348404566447, 0, 'No', 'No', 'No');

-- --------------------------------------------------------

--
-- Table structure for table `smsFeedBack_tbl`
--

CREATE TABLE `smsFeedBack_tbl` (
  `smsID` int(5) NOT NULL,
  `cemail` varchar(50) NOT NULL,
  `messages` varchar(200) NOT NULL,
  `binID` varchar(10) NOT NULL
) ENGINE=InnoDB DEFAULT CHARSET=latin1;

--
-- Dumping data for table `smsFeedBack_tbl`
--

INSERT INTO `smsFeedBack_tbl` (`smsID`, `cemail`, `messages`, `binID`) VALUES
(3, 'rkr@gmail.com', 'MLB-10-PL is not working.', 'MLB-10-PL'),
(4, 'vr@gmail.com', 'Bin is not getting cleaned properly.', 'MLB-10-BI'),
(5, 'vr@gmail.com', 'Not satisfied with the bin cleaning process.', 'KDU-01-GL');

-- --------------------------------------------------------

--
-- Table structure for table `sun_binLevel_tbl`
--

CREATE TABLE `sun_binLevel_tbl` (
  `binID` varchar(10) NOT NULL,
  `week_1_09:30` double NOT NULL DEFAULT '0',
  `week_1_15:30` double NOT NULL DEFAULT '0',
  `week_1_21:30` double NOT NULL DEFAULT '0',
  `week_2_15:30` double NOT NULL DEFAULT '0',
  `week_2_21:30` double NOT NULL DEFAULT '0',
  `week_2_09:30` double NOT NULL DEFAULT '0',
  `week_3_15:30` double NOT NULL DEFAULT '0',
  `week_3_21:30` double NOT NULL DEFAULT '0',
  `week_3_09:30` double NOT NULL DEFAULT '0',
  `week_4_15:30` double NOT NULL DEFAULT '0',
  `week_4_21:30` double NOT NULL DEFAULT '0',
  `week_4_09:30` double NOT NULL DEFAULT '0',
  `week_5_15:30` double NOT NULL DEFAULT '0',
  `week_5_21:30` double NOT NULL DEFAULT '0',
  `week_5_09:30` double NOT NULL DEFAULT '0'
) ENGINE=InnoDB DEFAULT CHARSET=latin1;

--
-- Dumping data for table `sun_binLevel_tbl`
--

INSERT INTO `sun_binLevel_tbl` (`binID`, `week_1_09:30`, `week_1_15:30`, `week_1_21:30`, `week_2_15:30`, `week_2_21:30`, `week_2_09:30`, `week_3_15:30`, `week_3_21:30`, `week_3_09:30`, `week_4_15:30`, `week_4_21:30`, `week_4_09:30`, `week_5_15:30`, `week_5_21:30`, `week_5_09:30`) VALUES
('KDU-01-BI', 70.5548324584961, 72.95465087890625, 72.95465087890625, 0, 0, 0, 72.95465087890625, 72.95465087890625, 70.5548324584961, 72.95465087890625, 72.95465087890625, 70.5548324584961, 72.95465087890625, 72.95465087890625, 70.5548324584961),
('KDU-02-PA', 75.3662109375, 77.9296875, 77.9296875, 0, 0, 0, 77.9296875, 77.9296875, 75.3662109375, 77.9296875, 77.9296875, 75.3662109375, 77.9296875, 77.9296875, 75.3662109375),
('KDU-03-GL', 43.2099609375, 44.6796875, 44.6796875, 0, 0, 0, 44.6796875, 44.6796875, 43.2099609375, 44.6796875, 44.6796875, 43.2099609375, 44.6796875, 44.6796875, 43.2099609375),
('KDU-04-PL', 100.48828125, 103.90625, 103.90625, 0, 87, 83, 103.90625, 103.90625, 100.48828125, 103.90625, 103.90625, 100.48828125, 103.90625, 103.90625, 100.48828125),
('KDU-05-BI', 82.400390625, 85.203125, 85.203125, 0, 87, 87, 85.203125, 85.203125, 82.400390625, 85.203125, 85.203125, 82.400390625, 85.203125, 85.203125, 82.400390625),
('KDU-06-GL', 86.419921875, 89.359375, 89.359375, 0, 0, 0, 89.359375, 89.359375, 86.419921875, 89.359375, 89.359375, 86.419921875, 89.359375, 89.359375, 86.419921875),
('KDU-07-GL', 60.29296875, 62.34375, 62.34375, 0, 0, 0, 62.34375, 62.34375, 60.29296875, 62.34375, 62.34375, 60.29296875, 62.34375, 62.34375, 60.29296875),
('KDU-08-PA', 55.2685546875, 57.1484375, 57.1484375, 0, 0, 0, 57.1484375, 57.1484375, 55.2685546875, 57.1484375, 57.1484375, 55.2685546875, 57.1484375, 57.1484375, 55.2685546875),
('KDU-09-PA', 30.146484375, 31.171875, 31.171875, 0, 0, 0, 31.171875, 31.171875, 30.146484375, 31.171875, 31.171875, 30.146484375, 31.171875, 31.171875, 30.146484375),
('MLB--PA', 0, 0, 0, 0, 0, 0, 0, 0, 0, 0, 0, 0, 0, 0, 0),
('MLB-01-BI', 69.3369140625, 71.6953125, 71.6953125, 0, 0, 0, 71.6953125, 71.6953125, 69.3369140625, 71.6953125, 71.6953125, 69.3369140625, 71.6953125, 71.6953125, 69.3369140625),
('MLB-01-PA', 63.3076171875, 65.4609375, 65.4609375, 0, 0, 0, 65.4609375, 65.4609375, 63.3076171875, 65.4609375, 65.4609375, 63.3076171875, 65.4609375, 65.4609375, 63.3076171875),
('MLB-02-PA', 100.48828125, 103.90625, 103.90625, 0, 0, 0, 103.90625, 103.90625, 100.48828125, 103.90625, 103.90625, 100.48828125, 103.90625, 103.90625, 100.48828125),
('MLB-03-PL', 74.361328125, 76.890625, 76.890625, 0, 0, 0, 76.890625, 76.890625, 74.361328125, 76.890625, 76.890625, 74.361328125, 76.890625, 76.890625, 74.361328125),
('MLB-04-BI', 85.4150390625, 88.3203125, 88.3203125, 0, 0, 0, 88.3203125, 88.3203125, 85.4150390625, 88.3203125, 88.3203125, 85.4150390625, 88.3203125, 88.3203125, 85.4150390625),
('MLB-05-GL', 75.3662109375, 77.9296875, 77.9296875, 0, 0, 0, 77.9296875, 77.9296875, 75.3662109375, 77.9296875, 77.9296875, 75.3662109375, 77.9296875, 77.9296875, 75.3662109375),
('MLB-06-PA', 78.380859375, 81.046875, 81.046875, 0, 0, 0, 81.046875, 81.046875, 78.380859375, 81.046875, 81.046875, 78.380859375, 81.046875, 81.046875, 78.380859375),
('MLB-07-BI', 78.380859375, 81.046875, 81.046875, 0, 0, 0, 81.046875, 81.046875, 78.380859375, 81.046875, 81.046875, 78.380859375, 81.046875, 81.046875, 78.380859375),
('MLB-07-PL', 59.2880859375, 61.3046875, 61.3046875, 0, 0, 0, 61.3046875, 61.3046875, 59.2880859375, 61.3046875, 61.3046875, 59.2880859375, 61.3046875, 61.3046875, 59.2880859375),
('MLB-08-PA', 50.244140625, 51.953125, 51.953125, 0, 85, 0, 51.953125, 51.953125, 50.244140625, 51.953125, 51.953125, 50.244140625, 51.953125, 51.953125, 50.244140625),
('MLB-09-GL', 14.068359375, 14.546875, 14.546875, 0, 0, 0, 14.546875, 14.546875, 14.068359375, 14.546875, 14.546875, 14.068359375, 14.546875, 14.546875, 14.068359375),
('MLB-09-PL', 0, 0, 0, 0, 0, 0, 81.046875, 81.046875, 78.380859375, 0, 0, 0, 0, 0, 0),
('MLB-10-PA', 36.105438232421875, 37.33351516723633, 37.33351516723633, 10, 10, 10, 41.65125274658203, 139.69271850585938, 3.501091480255127, 37.33351516723633, 37.33351516723633, 36.105438232421875, 37.33351516723633, 37.33351516723633, 36.105438232421875),
('MLB-10-PL', 50.244140625, 51.953125, 51.953125, 0, 0, 0, 0, 0, 0, 51.953125, 51.953125, 50.244140625, 51.953125, 51.953125, 50.244140625),
('MLB-11-PA', 50.244140625, 51.953125, 51.953125, 0, 0, 0, 51.953125, 51.953125, 50.244140625, 51.953125, 51.953125, 50.244140625, 51.953125, 51.953125, 50.244140625),
('MLB-12-GL', 85.4150390625, 88.3203125, 88.3203125, 0, 0, 0, 88.3203125, 88.3203125, 85.4150390625, 88.3203125, 88.3203125, 85.4150390625, 88.3203125, 88.3203125, 85.4150390625),
('MLB-14-GL', 13.0634765625, 13.5078125, 13.5078125, 0, 0, 0, 13.5078125, 13.5078125, 13.0634765625, 13.5078125, 13.5078125, 13.0634765625, 13.5078125, 13.5078125, 13.0634765625),
('MLB-15-PA', 78.380859375, 81.046875, 81.046875, 0, 0, 0, 81.046875, 81.046875, 78.380859375, 81.046875, 81.046875, 78.380859375, 81.046875, 81.046875, 78.380859375),
('MLB-28-PA', 23.1123046875, 23.8984375, 23.8984375, 0, 0, 0, 0, 0, 0, 23.8984375, 23.8984375, 23.1123046875, 23.8984375, 23.8984375, 23.1123046875);

-- --------------------------------------------------------

--
-- Table structure for table `thu_binLevel_tbl`
--

CREATE TABLE `thu_binLevel_tbl` (
  `binID` varchar(10) NOT NULL,
  `week_1_09:30` double NOT NULL DEFAULT '0',
  `week_1_15:30` double NOT NULL DEFAULT '0',
  `week_1_21:30` double NOT NULL DEFAULT '0',
  `week_2_15:30` double NOT NULL DEFAULT '0',
  `week_2_21:30` double NOT NULL DEFAULT '0',
  `week_2_09:30` double NOT NULL DEFAULT '0',
  `week_3_15:30` double NOT NULL DEFAULT '0',
  `week_3_21:30` double NOT NULL DEFAULT '0',
  `week_3_09:30` double NOT NULL DEFAULT '0',
  `week_4_15:30` double NOT NULL DEFAULT '0',
  `week_4_21:30` double NOT NULL DEFAULT '0',
  `week_4_09:30` double NOT NULL DEFAULT '0',
  `week_5_15:30` double NOT NULL DEFAULT '0',
  `week_5_21:30` double NOT NULL DEFAULT '0',
  `week_5_09:30` double NOT NULL DEFAULT '0'
) ENGINE=InnoDB DEFAULT CHARSET=latin1;

--
-- Dumping data for table `thu_binLevel_tbl`
--

INSERT INTO `thu_binLevel_tbl` (`binID`, `week_1_09:30`, `week_1_15:30`, `week_1_21:30`, `week_2_15:30`, `week_2_21:30`, `week_2_09:30`, `week_3_15:30`, `week_3_21:30`, `week_3_09:30`, `week_4_15:30`, `week_4_21:30`, `week_4_09:30`, `week_5_15:30`, `week_5_21:30`, `week_5_09:30`) VALUES
('KDU-01-BI', 70.5548324584961, 72.95465087890625, 72.95465087890625, 72.95465087890625, 72.95465087890625, 70.5548324584961, 72.95465087890625, 72.95465087890625, 70.5548324584961, 72.95465087890625, 72.95465087890625, 70.5548324584961, 72.95465087890625, 72.95465087890625, 70.5548324584961),
('KDU-02-PA', 75.3662109375, 77.9296875, 77.9296875, 77.9296875, 77.9296875, 75.3662109375, 77.9296875, 77.9296875, 75.3662109375, 77.9296875, 77.9296875, 75.3662109375, 77.9296875, 77.9296875, 75.3662109375),
('KDU-03-GL', 43.2099609375, 44.6796875, 44.6796875, 44.6796875, 44.6796875, 43.2099609375, 44.6796875, 44.6796875, 43.2099609375, 44.6796875, 44.6796875, 43.2099609375, 44.6796875, 44.6796875, 43.2099609375),
('KDU-04-PL', 100.48828125, 103.90625, 103.90625, 0, 0, 0, 103.90625, 103.90625, 100.48828125, 103.90625, 103.90625, 100.48828125, 103.90625, 103.90625, 100.48828125),
('KDU-05-BI', 82.400390625, 85.203125, 85.203125, 0, 0, 0, 85.203125, 85.203125, 82.400390625, 85.203125, 85.203125, 82.400390625, 85.203125, 85.203125, 82.400390625),
('KDU-06-GL', 86.419921875, 89.359375, 89.359375, 0, 0, 0, 89.359375, 89.359375, 86.419921875, 89.359375, 89.359375, 86.419921875, 89.359375, 89.359375, 86.419921875),
('KDU-07-GL', 60.29296875, 62.34375, 62.34375, 0, 0, 0, 62.34375, 62.34375, 60.29296875, 62.34375, 62.34375, 60.29296875, 62.34375, 62.34375, 60.29296875),
('KDU-08-PA', 55.2685546875, 57.1484375, 57.1484375, 0, 0, 0, 57.1484375, 57.1484375, 55.2685546875, 57.1484375, 57.1484375, 55.2685546875, 57.1484375, 57.1484375, 55.2685546875),
('KDU-09-PA', 30.146484375, 31.171875, 31.171875, 0, 0, 0, 31.171875, 31.171875, 30.146484375, 31.171875, 31.171875, 30.146484375, 31.171875, 31.171875, 30.146484375),
('MLB--PA', 0, 0, 0, 0, 0, 0, 0, 0, 0, 0, 0, 0, 0, 0, 0),
('MLB-01-BI', 69.3369140625, 71.6953125, 71.6953125, 71.6953125, 71.6953125, 69.3369140625, 71.6953125, 71.6953125, 69.3369140625, 71.6953125, 71.6953125, 69.3369140625, 71.6953125, 71.6953125, 69.3369140625),
('MLB-01-PA', 63.3076171875, 65.4609375, 65.4609375, 65.4609375, 65.4609375, 63.3076171875, 65.4609375, 65.4609375, 63.3076171875, 65.4609375, 65.4609375, 63.3076171875, 65.4609375, 65.4609375, 63.3076171875),
('MLB-02-PA', 100.48828125, 103.90625, 103.90625, 103.90625, 103.90625, 100.48828125, 103.90625, 103.90625, 100.48828125, 103.90625, 103.90625, 100.48828125, 103.90625, 103.90625, 100.48828125),
('MLB-03-PL', 74.361328125, 76.890625, 76.890625, 76.890625, 76.890625, 74.361328125, 76.890625, 76.890625, 74.361328125, 76.890625, 76.890625, 74.361328125, 76.890625, 76.890625, 74.361328125),
('MLB-04-BI', 85.4150390625, 88.3203125, 88.3203125, 88.3203125, 88.3203125, 85.4150390625, 88.3203125, 88.3203125, 85.4150390625, 88.3203125, 88.3203125, 85.4150390625, 88.3203125, 88.3203125, 85.4150390625),
('MLB-05-GL', 75.3662109375, 77.9296875, 77.9296875, 77.9296875, 77.9296875, 75.3662109375, 77.9296875, 77.9296875, 75.3662109375, 77.9296875, 77.9296875, 75.3662109375, 77.9296875, 77.9296875, 75.3662109375),
('MLB-06-PA', 78.380859375, 81.046875, 81.046875, 81.046875, 81.046875, 78.380859375, 81.046875, 81.046875, 78.380859375, 81.046875, 81.046875, 78.380859375, 81.046875, 81.046875, 78.380859375),
('MLB-07-BI', 78.380859375, 81.046875, 81.046875, 81.046875, 81.046875, 78.380859375, 81.046875, 81.046875, 78.380859375, 81.046875, 81.046875, 78.380859375, 81.046875, 81.046875, 78.380859375),
('MLB-07-PL', 59.2880859375, 61.3046875, 61.3046875, 61.3046875, 61.3046875, 59.2880859375, 61.3046875, 61.3046875, 59.2880859375, 61.3046875, 61.3046875, 59.2880859375, 61.3046875, 61.3046875, 59.2880859375),
('MLB-08-PA', 50.244140625, 51.953125, 51.953125, 51.953125, 51.953125, 50.244140625, 51.953125, 51.953125, 50.244140625, 51.953125, 51.953125, 50.244140625, 51.953125, 51.953125, 50.244140625),
('MLB-09-GL', 14.068359375, 14.546875, 14.546875, 14.546875, 14.546875, 14.068359375, 14.546875, 14.546875, 14.068359375, 14.546875, 14.546875, 14.068359375, 14.546875, 14.546875, 14.068359375),
('MLB-09-PL', 0, 0, 0, 81.046875, 81.046875, 78.380859375, 0, 0, 0, 0, 0, 0, 0, 0, 0),
('MLB-10-PA', 50.58580017089844, 52.3064079284668, 52.3064079284668, 13.319387435913086, 13.319387435913086, 9.590956687927246, 37.33351516723633, 37.33351516723633, 36.105438232421875, 37.33351516723633, 37.33351516723633, 36.105438232421875, 37.33351516723633, 37.33351516723633, 36.105438232421875),
('MLB-10-PL', 50.244140625, 51.953125, 51.953125, 0, 0, 0, 51.953125, 51.953125, 50.244140625, 51.953125, 51.953125, 50.244140625, 51.953125, 51.953125, 50.244140625),
('MLB-11-PA', 50.244140625, 51.953125, 51.953125, 51.953125, 51.953125, 50.244140625, 51.953125, 51.953125, 50.244140625, 51.953125, 51.953125, 50.244140625, 51.953125, 51.953125, 50.244140625),
('MLB-12-GL', 85.4150390625, 88.3203125, 88.3203125, 88.3203125, 88.3203125, 85.4150390625, 88.3203125, 88.3203125, 85.4150390625, 88.3203125, 88.3203125, 85.4150390625, 88.3203125, 88.3203125, 85.4150390625),
('MLB-14-GL', 13.0634765625, 13.5078125, 13.5078125, 13.5078125, 13.5078125, 13.0634765625, 13.5078125, 13.5078125, 13.0634765625, 13.5078125, 13.5078125, 13.0634765625, 13.5078125, 13.5078125, 13.0634765625),
('MLB-15-PA', 78.380859375, 81.046875, 81.046875, 81.046875, 81.046875, 78.380859375, 81.046875, 81.046875, 78.380859375, 81.046875, 81.046875, 78.380859375, 81.046875, 81.046875, 78.380859375),
('MLB-28-PA', 23.1123046875, 23.8984375, 23.8984375, 0, 0, 0, 23.8984375, 23.8984375, 23.1123046875, 23.8984375, 23.8984375, 23.1123046875, 23.8984375, 23.8984375, 23.1123046875);

-- --------------------------------------------------------

--
-- Table structure for table `tue_binLevel_tbl`
--

CREATE TABLE `tue_binLevel_tbl` (
  `binID` varchar(10) NOT NULL,
  `week_1_09:30` double NOT NULL DEFAULT '0',
  `week_1_15:30` double NOT NULL DEFAULT '0',
  `week_1_21:30` double NOT NULL DEFAULT '0',
  `week_2_15:30` double NOT NULL DEFAULT '0',
  `week_2_21:30` double NOT NULL DEFAULT '0',
  `week_2_09:30` double NOT NULL DEFAULT '0',
  `week_3_15:30` double NOT NULL DEFAULT '0',
  `week_3_21:30` double NOT NULL DEFAULT '0',
  `week_3_09:30` double NOT NULL DEFAULT '0',
  `week_4_15:30` double NOT NULL DEFAULT '0',
  `week_4_21:30` double NOT NULL DEFAULT '0',
  `week_4_09:30` double NOT NULL DEFAULT '0',
  `week_5_15:30` double NOT NULL DEFAULT '0',
  `week_5_21:30` double NOT NULL DEFAULT '0',
  `week_5_09:30` double NOT NULL DEFAULT '0'
) ENGINE=InnoDB DEFAULT CHARSET=latin1;

--
-- Dumping data for table `tue_binLevel_tbl`
--

INSERT INTO `tue_binLevel_tbl` (`binID`, `week_1_09:30`, `week_1_15:30`, `week_1_21:30`, `week_2_15:30`, `week_2_21:30`, `week_2_09:30`, `week_3_15:30`, `week_3_21:30`, `week_3_09:30`, `week_4_15:30`, `week_4_21:30`, `week_4_09:30`, `week_5_15:30`, `week_5_21:30`, `week_5_09:30`) VALUES
('KDU-01-BI', 70.5548324584961, 72.95465087890625, 72.95465087890625, 72.95465087890625, 72.95465087890625, 70.5548324584961, 72.95465087890625, 72.95465087890625, 70.5548324584961, 72.95465087890625, 72.95465087890625, 70.5548324584961, 72.95465087890625, 72.95465087890625, 70.5548324584961),
('KDU-02-PA', 75.3662109375, 77.9296875, 77.9296875, 77.9296875, 77.9296875, 75.3662109375, 77.9296875, 77.9296875, 75.3662109375, 77.9296875, 77.9296875, 75.3662109375, 77.9296875, 77.9296875, 75.3662109375),
('KDU-03-GL', 43.2099609375, 44.6796875, 44.6796875, 44.6796875, 44.6796875, 43.2099609375, 44.6796875, 44.6796875, 43.2099609375, 44.6796875, 44.6796875, 43.2099609375, 44.6796875, 44.6796875, 43.2099609375),
('KDU-04-PL', 100.48828125, 103.90625, 103.90625, 0, 0, 0, 103.90625, 103.90625, 100.48828125, 103.90625, 103.90625, 100.48828125, 103.90625, 103.90625, 100.48828125),
('KDU-05-BI', 82.400390625, 85.203125, 85.203125, 0, 0, 0, 85.203125, 85.203125, 82.400390625, 85.203125, 85.203125, 82.400390625, 85.203125, 85.203125, 82.400390625),
('KDU-06-GL', 86.419921875, 89.359375, 89.359375, 0, 0, 0, 89.359375, 89.359375, 86.419921875, 89.359375, 89.359375, 86.419921875, 89.359375, 89.359375, 86.419921875),
('KDU-07-GL', 60.29296875, 62.34375, 62.34375, 0, 0, 0, 62.34375, 62.34375, 60.29296875, 62.34375, 62.34375, 60.29296875, 62.34375, 62.34375, 60.29296875),
('KDU-08-PA', 55.2685546875, 57.1484375, 57.1484375, 0, 0, 0, 57.1484375, 57.1484375, 55.2685546875, 57.1484375, 57.1484375, 55.2685546875, 57.1484375, 57.1484375, 55.2685546875),
('KDU-09-PA', 30.146484375, 31.171875, 31.171875, 0, 0, 0, 31.171875, 31.171875, 30.146484375, 31.171875, 31.171875, 30.146484375, 31.171875, 31.171875, 30.146484375),
('MLB--PA', 0, 0, 0, 0, 0, 0, 0, 0, 0, 0, 0, 0, 0, 0, 0),
('MLB-01-BI', 69.3369140625, 71.6953125, 71.6953125, 71.6953125, 71.6953125, 69.3369140625, 71.6953125, 71.6953125, 69.3369140625, 71.6953125, 71.6953125, 69.3369140625, 71.6953125, 71.6953125, 69.3369140625),
('MLB-01-PA', 63.3076171875, 65.4609375, 65.4609375, 65.4609375, 65.4609375, 63.3076171875, 65.4609375, 65.4609375, 63.3076171875, 65.4609375, 65.4609375, 63.3076171875, 65.4609375, 65.4609375, 63.3076171875),
('MLB-02-PA', 100.48828125, 103.90625, 103.90625, 103.90625, 103.90625, 100.48828125, 103.90625, 103.90625, 100.48828125, 103.90625, 103.90625, 100.48828125, 103.90625, 103.90625, 100.48828125),
('MLB-03-PL', 74.361328125, 76.890625, 76.890625, 76.890625, 76.890625, 74.361328125, 76.890625, 76.890625, 74.361328125, 76.890625, 76.890625, 74.361328125, 76.890625, 76.890625, 74.361328125),
('MLB-04-BI', 85.4150390625, 88.3203125, 88.3203125, 88.3203125, 88.3203125, 85.4150390625, 88.3203125, 88.3203125, 85.4150390625, 88.3203125, 88.3203125, 85.4150390625, 88.3203125, 88.3203125, 85.4150390625),
('MLB-05-GL', 75.3662109375, 77.9296875, 77.9296875, 77.9296875, 77.9296875, 75.3662109375, 77.9296875, 77.9296875, 75.3662109375, 77.9296875, 77.9296875, 75.3662109375, 77.9296875, 77.9296875, 75.3662109375),
('MLB-06-PA', 78.380859375, 81.046875, 81.046875, 81.046875, 81.046875, 78.380859375, 81.046875, 81.046875, 78.380859375, 81.046875, 81.046875, 78.380859375, 81.046875, 81.046875, 78.380859375),
('MLB-07-BI', 78.380859375, 81.046875, 81.046875, 81.046875, 81.046875, 78.380859375, 81.046875, 81.046875, 78.380859375, 81.046875, 81.046875, 78.380859375, 81.046875, 81.046875, 78.380859375),
('MLB-07-PL', 59.2880859375, 61.3046875, 61.3046875, 61.3046875, 61.3046875, 59.2880859375, 61.3046875, 61.3046875, 59.2880859375, 61.3046875, 61.3046875, 59.2880859375, 61.3046875, 61.3046875, 59.2880859375),
('MLB-08-PA', 50.244140625, 51.953125, 51.953125, 51.953125, 51.953125, 50.244140625, 51.953125, 51.953125, 50.244140625, 51.953125, 51.953125, 50.244140625, 51.953125, 51.953125, 50.244140625),
('MLB-09-GL', 14.068359375, 14.546875, 14.546875, 14.546875, 14.546875, 14.068359375, 14.546875, 14.546875, 14.068359375, 14.546875, 14.546875, 14.068359375, 14.546875, 14.546875, 14.068359375),
('MLB-09-PL', 0, 0, 0, 81.046875, 81.046875, 78.380859375, 0, 0, 0, 0, 0, 0, 0, 0, 0),
('MLB-10-PA', 36.105438232421875, 29.453046798706055, 37.33351516723633, 29.1461124420166, 29.1461124420166, 28.187358856201172, 30.046953201293945, 2.8098437786102295, 2.6327929496765137, 37.33351516723633, 37.33351516723633, 36.105438232421875, 37.33351516723633, 37.33351516723633, 36.105438232421875),
('MLB-10-PL', 50.244140625, 51.953125, 51.953125, 6.5625, 14.765625, 1.23046875, 51.953125, 41.015625, 50.244140625, 51.953125, 51.953125, 50.244140625, 51.953125, 51.953125, 50.244140625),
('MLB-11-PA', 50.244140625, 51.953125, 51.953125, 51.953125, 51.953125, 50.244140625, 51.953125, 51.953125, 50.244140625, 51.953125, 51.953125, 50.244140625, 51.953125, 51.953125, 50.244140625),
('MLB-12-GL', 85.4150390625, 88.3203125, 88.3203125, 88.3203125, 88.3203125, 85.4150390625, 88.3203125, 88.3203125, 85.4150390625, 88.3203125, 88.3203125, 85.4150390625, 88.3203125, 88.3203125, 85.4150390625),
('MLB-14-GL', 13.0634765625, 13.5078125, 13.5078125, 13.5078125, 13.5078125, 13.0634765625, 13.5078125, 13.5078125, 13.0634765625, 13.5078125, 13.5078125, 13.0634765625, 13.5078125, 13.5078125, 13.0634765625),
('MLB-15-PA', 78.380859375, 81.046875, 81.046875, 81.046875, 81.046875, 78.380859375, 81.046875, 81.046875, 78.380859375, 81.046875, 81.046875, 78.380859375, 81.046875, 81.046875, 78.380859375),
('MLB-28-PA', 23.1123046875, 23.8984375, 23.8984375, 0, 0, 0, 23.8984375, 23.8984375, 23.1123046875, 23.8984375, 23.8984375, 23.1123046875, 23.8984375, 23.8984375, 23.1123046875);

-- --------------------------------------------------------

--
-- Table structure for table `Waste_collected_per_month`
--

CREATE TABLE `Waste_collected_per_month` (
  `id` int(50) NOT NULL,
  `date` datetime DEFAULT NULL,
  `plastic` decimal(5,2) DEFAULT NULL,
  `paper` decimal(5,2) DEFAULT NULL,
  `bio` decimal(5,2) DEFAULT NULL,
  `glass` int(11) DEFAULT NULL,
  `month` varchar(9) CHARACTER SET utf8 DEFAULT NULL
) ENGINE=InnoDB DEFAULT CHARSET=latin1;

--
-- Dumping data for table `Waste_collected_per_month`
--

INSERT INTO `Waste_collected_per_month` (`id`, `date`, `plastic`, `paper`, `bio`, `glass`, `month`) VALUES
(1, '2009-01-04 00:00:00', '418.33', '162.76', '316.02', 21, 'April'),
(2, '2009-01-05 00:00:00', '376.02', '168.52', '330.36', 22, 'May'),
(3, '2009-01-06 00:00:00', '393.62', '181.44', '350.90', 15, 'June'),
(4, '2009-01-07 00:00:00', '397.68', '181.80', '389.32', 125, 'July'),
(5, '2009-01-08 00:00:00', '429.20', '176.96', '371.38', 120, 'August'),
(6, '2009-01-09 00:00:00', '485.76', '175.19', '407.46', 125, 'September'),
(7, '2009-01-10 00:00:00', '523.80', '194.63', '418.66', 148, 'October'),
(8, '2009-01-11 00:00:00', '579.58', '202.81', '426.05', 43, 'November'),
(9, '2009-01-12 00:00:00', '609.61', '212.64', '465.00', 21, 'December'),
(10, '2010-01-01 00:00:00', '502.52', '165.78', '403.94', 139, 'January'),
(11, '2010-01-02 00:00:00', '508.56', '161.44', '503.52', 115, 'February'),
(12, '2010-01-03 00:00:00', '599.26', '187.76', '391.20', 130, 'March'),
(13, '2010-01-04 00:00:00', '529.00', '164.88', '396.60', 170, 'April'),
(14, '2010-01-05 00:00:00', '499.72', '177.86', '328.88', 102, 'May'),
(15, '2010-01-06 00:00:00', '534.90', '173.25', '330.86', 132, 'June'),
(16, '2010-01-07 00:00:00', '521.90', '138.77', '357.70', 165, 'July'),
(17, '2010-01-08 00:00:00', '547.12', '187.44', '346.18', 129, 'August'),
(18, '2010-01-09 00:00:00', '534.12', '193.08', '359.12', 228, 'September'),
(19, '2010-01-10 00:00:00', '562.00', '195.72', '370.74', 141, 'October'),
(20, '2010-01-11 00:00:00', '586.54', '212.14', '373.54', 137, 'November'),
(21, '2010-01-12 00:00:00', '599.60', '223.80', '392.50', 213, 'December'),
(22, '2011-01-01 00:00:00', '558.52', '168.62', '271.98', 230, 'January'),
(23, '2011-01-02 00:00:00', '512.66', '176.48', '300.24', 117, 'February'),
(24, '2011-01-03 00:00:00', '606.94', '195.62', '363.28', 241, 'March'),
(25, '2011-01-04 00:00:00', '402.57', '183.96', '320.00', 198, 'April'),
(26, '2011-01-05 00:00:00', '539.10', '200.22', '353.88', 186, 'May'),
(27, '2011-01-06 00:00:00', '531.58', '184.74', '306.72', 217, 'June'),
(28, '2011-01-07 00:00:00', '500.62', '197.14', '316.62', 219, 'July'),
(29, '2011-01-08 00:00:00', '557.20', '233.98', '331.00', 211, 'August'),
(30, '2011-01-09 00:00:00', '530.08', '201.20', '319.50', 204, 'September'),
(31, '2011-01-10 00:00:00', '495.54', '196.42', '356.42', 179, 'October'),
(32, '2011-01-11 00:00:00', '564.82', '242.70', '371.76', 175, 'November'),
(33, '2011-01-12 00:00:00', '568.04', '307.10', '357.26', 183, 'December'),
(34, '2012-01-01 00:00:00', '542.28', '196.56', '333.92', 236, 'January'),
(35, '2012-01-02 00:00:00', '493.22', '185.69', '321.18', 319, 'February'),
(36, '2012-01-03 00:00:00', '517.28', '190.14', '363.16', 301, 'March'),
(37, '2012-01-04 00:00:00', '465.78', '171.54', '346.11', 176, 'April'),
(38, '2012-01-05 00:00:00', '478.80', '218.94', '336.93', 206, 'May'),
(39, '2012-01-06 00:00:00', '468.34', '142.82', '315.99', 224, 'June'),
(40, '2012-01-07 00:00:00', '449.54', '164.50', '330.06', 251, 'July'),
(41, '2012-01-08 00:00:00', '520.48', '198.26', '329.58', 264, 'August'),
(42, '2012-01-09 00:00:00', '468.80', '176.76', '306.33', 217, 'September'),
(43, '2012-01-10 00:00:00', '497.62', '168.29', '377.41', 216, 'October'),
(44, '2012-01-11 00:00:00', '511.96', '186.04', '374.91', 191, 'November'),
(45, '2012-01-12 00:00:00', '573.32', '198.34', '403.77', 214, 'December'),
(46, '2013-01-01 00:00:00', '564.10', '172.92', '361.51', 138, 'January'),
(47, '2013-01-02 00:00:00', '502.66', '160.50', '367.54', 197, 'February'),
(48, '2013-01-03 00:00:00', '518.00', '174.80', '382.81', 149, 'March'),
(49, '2013-01-04 00:00:00', '487.56', '194.70', '349.78', 123, 'April'),
(50, '2013-01-05 00:00:00', '480.34', '187.00', '388.48', 134, 'May'),
(51, '2013-01-06 00:00:00', '463.66', '171.77', '345.62', 194, 'June'),
(52, '2013-01-07 00:00:00', '555.58', '217.61', '399.62', 116, 'July'),
(53, '2013-01-08 00:00:00', '537.28', '190.51', '404.82', 221, 'August'),
(54, '2013-01-09 00:00:00', '515.04', '182.22', '241.03', 146, 'September'),
(55, '2013-01-10 00:00:00', '562.06', '236.64', '433.48', 184, 'October'),
(56, '2013-01-11 00:00:00', '556.72', '204.70', '447.41', 171, 'November'),
(57, '2013-01-12 00:00:00', '605.46', '298.72', '455.87', 163, 'December'),
(58, '2014-01-01 00:00:00', '601.94', '168.40', '421.42', 176, 'January'),
(59, '2014-01-02 00:00:00', '549.18', '135.66', '391.30', 193, 'February'),
(60, '2014-01-03 00:00:00', '525.80', '168.98', '385.75', 202, 'March'),
(61, '2014-01-04 00:00:00', '558.38', '173.68', '456.47', 167, 'April'),
(62, '2014-01-05 00:00:00', '531.46', '168.22', '383.47', 216, 'May'),
(63, '2014-01-06 00:00:00', '526.92', '148.23', '371.56', 204, 'June'),
(64, '2014-01-07 00:00:00', '547.94', '149.28', '466.90', 285, 'July'),
(65, '2014-01-08 00:00:00', '540.51', '142.13', '432.82', 165, 'August'),
(66, '2014-01-09 00:00:00', '570.88', '174.96', '446.88', 176, 'September'),
(67, '2014-01-10 00:00:00', '608.62', '162.72', '402.84', 171, 'October'),
(68, '2014-01-11 00:00:00', '555.24', '168.98', '348.90', 220, 'November'),
(69, '2014-01-12 00:00:00', '677.48', '200.42', '383.96', 287, 'December'),
(70, '2015-01-01 00:00:00', '642.18', '132.66', '328.79', 501, 'January'),
(71, '2015-01-02 00:00:00', '558.96', '151.02', '365.13', 312, 'February'),
(72, '2015-01-03 00:00:00', '617.52', '167.46', '417.03', 301, 'March'),
(73, '2015-01-04 00:00:00', '613.58', '171.30', '346.64', 321, 'April'),
(74, '2015-01-05 00:00:00', '553.24', '200.78', '344.11', 256, 'May'),
(75, '2015-01-06 00:00:00', '612.54', '196.70', '350.14', 227, 'June'),
(76, '2015-01-07 00:00:00', '619.40', '209.64', '382.50', 282, 'July'),
(77, '2015-01-08 00:00:00', '582.36', '173.40', '324.30', 362, 'August'),
(78, '2015-01-09 00:00:00', '611.64', '208.36', '296.48', 387, 'September'),
(79, '2015-01-10 00:00:00', '673.00', '196.32', '334.32', 123, 'October'),
(80, '2015-01-11 00:00:00', '698.20', '199.50', '331.50', 384, 'November'),
(81, '2015-01-12 00:00:00', '763.89', '228.34', '336.76', 253, 'December'),
(82, '2016-01-01 00:00:00', '715.00', '176.38', '295.70', 357, 'January'),
(83, '2016-01-02 00:00:00', '708.31', '196.96', '281.46', 173, 'February'),
(84, '2016-01-03 00:00:00', '749.20', '201.34', '328.54', 328, 'March'),
(85, '2016-01-04 00:00:00', '672.57', '189.00', '302.50', 256, 'April'),
(86, '2016-01-05 00:00:00', '702.07', '199.68', '326.52', 209, 'May');

-- --------------------------------------------------------

--
-- Table structure for table `wen_binLevel_tbl`
--

CREATE TABLE `wen_binLevel_tbl` (
  `binID` varchar(10) NOT NULL,
  `week_1_09:30` double NOT NULL DEFAULT '0',
  `week_1_15:30` double NOT NULL DEFAULT '0',
  `week_1_21:30` double NOT NULL DEFAULT '0',
  `week_2_15:30` double NOT NULL DEFAULT '0',
  `week_2_21:30` double NOT NULL DEFAULT '0',
  `week_2_09:30` double NOT NULL DEFAULT '0',
  `week_3_15:30` double NOT NULL DEFAULT '0',
  `week_3_21:30` double NOT NULL DEFAULT '0',
  `week_3_09:30` double NOT NULL DEFAULT '0',
  `week_4_15:30` double NOT NULL DEFAULT '0',
  `week_4_21:30` double NOT NULL DEFAULT '0',
  `week_4_09:30` double NOT NULL DEFAULT '0',
  `week_5_15:30` double NOT NULL DEFAULT '0',
  `week_5_21:30` double NOT NULL DEFAULT '0',
  `week_5_09:30` double NOT NULL DEFAULT '0'
) ENGINE=InnoDB DEFAULT CHARSET=latin1;

--
-- Dumping data for table `wen_binLevel_tbl`
--

INSERT INTO `wen_binLevel_tbl` (`binID`, `week_1_09:30`, `week_1_15:30`, `week_1_21:30`, `week_2_15:30`, `week_2_21:30`, `week_2_09:30`, `week_3_15:30`, `week_3_21:30`, `week_3_09:30`, `week_4_15:30`, `week_4_21:30`, `week_4_09:30`, `week_5_15:30`, `week_5_21:30`, `week_5_09:30`) VALUES
('KDU-01-BI', 70.5548324584961, 72.95465087890625, 72.95465087890625, 72.95465087890625, 72.95465087890625, 70.5548324584961, 72.95465087890625, 72.95465087890625, 70.5548324584961, 72.95465087890625, 72.95465087890625, 70.5548324584961, 72.95465087890625, 72.95465087890625, 70.5548324584961),
('KDU-02-PA', 75.3662109375, 77.9296875, 77.9296875, 77.9296875, 77.9296875, 75.3662109375, 77.9296875, 77.9296875, 75.3662109375, 77.9296875, 77.9296875, 75.3662109375, 77.9296875, 77.9296875, 75.3662109375),
('KDU-03-GL', 43.2099609375, 44.6796875, 44.6796875, 44.6796875, 44.6796875, 43.2099609375, 44.6796875, 44.6796875, 43.2099609375, 44.6796875, 44.6796875, 43.2099609375, 44.6796875, 44.6796875, 43.2099609375),
('KDU-04-PL', 100.48828125, 103.90625, 103.90625, 0, 96, 97, 103.90625, 103.90625, 100.48828125, 103.90625, 103.90625, 100.48828125, 103.90625, 103.90625, 100.48828125),
('KDU-05-BI', 82.400390625, 85.203125, 85.203125, 0, 80, 81, 85.203125, 85.203125, 82.400390625, 85.203125, 85.203125, 82.400390625, 85.203125, 85.203125, 82.400390625),
('KDU-06-GL', 86.419921875, 89.359375, 89.359375, 0, 0, 0, 89.359375, 89.359375, 86.419921875, 89.359375, 89.359375, 86.419921875, 89.359375, 89.359375, 86.419921875),
('KDU-07-GL', 60.29296875, 62.34375, 62.34375, 0, 0, 0, 62.34375, 62.34375, 60.29296875, 62.34375, 62.34375, 60.29296875, 62.34375, 62.34375, 60.29296875),
('KDU-08-PA', 55.2685546875, 57.1484375, 57.1484375, 0, 0, 0, 57.1484375, 57.1484375, 55.2685546875, 57.1484375, 57.1484375, 55.2685546875, 57.1484375, 57.1484375, 55.2685546875),
('KDU-09-PA', 30.146484375, 31.171875, 31.171875, 0, 0, 0, 31.171875, 31.171875, 30.146484375, 31.171875, 31.171875, 30.146484375, 31.171875, 31.171875, 30.146484375),
('MLB--PA', 0, 0, 0, 0, 0, 0, 0, 0, 0, 0, 0, 0, 0, 0, 0),
('MLB-01-BI', 69.3369140625, 71.6953125, 71.6953125, 71.6953125, 71.6953125, 69.3369140625, 71.6953125, 71.6953125, 69.3369140625, 71.6953125, 71.6953125, 69.3369140625, 71.6953125, 71.6953125, 69.3369140625),
('MLB-01-PA', 63.3076171875, 65.4609375, 65.4609375, 65.4609375, 65.4609375, 63.3076171875, 65.4609375, 65.4609375, 63.3076171875, 65.4609375, 65.4609375, 63.3076171875, 65.4609375, 65.4609375, 63.3076171875),
('MLB-02-PA', 100.48828125, 103.90625, 103.90625, 103.90625, 103.90625, 100.48828125, 103.90625, 103.90625, 100.48828125, 103.90625, 103.90625, 100.48828125, 103.90625, 103.90625, 100.48828125),
('MLB-03-PL', 74.361328125, 76.890625, 76.890625, 76.890625, 76.890625, 74.361328125, 76.890625, 76.890625, 74.361328125, 76.890625, 76.890625, 74.361328125, 76.890625, 76.890625, 74.361328125),
('MLB-04-BI', 85.4150390625, 88.3203125, 88.3203125, 88.3203125, 88.3203125, 85.4150390625, 88.3203125, 88.3203125, 85.4150390625, 88.3203125, 88.3203125, 85.4150390625, 88.3203125, 88.3203125, 85.4150390625),
('MLB-06-PA', 78.380859375, 81.046875, 81.046875, 81.046875, 81.046875, 78.380859375, 81.046875, 81.046875, 78.380859375, 81.046875, 81.046875, 78.380859375, 81.046875, 81.046875, 78.380859375),
('MLB-07-BI', 78.380859375, 81.046875, 81.046875, 81.046875, 81.046875, 78.380859375, 81.046875, 81.046875, 78.380859375, 81.046875, 81.046875, 78.380859375, 81.046875, 81.046875, 78.380859375),
('MLB-07-PL', 59.2880859375, 61.3046875, 61.3046875, 61.3046875, 61.3046875, 59.2880859375, 61.3046875, 61.3046875, 59.2880859375, 61.3046875, 61.3046875, 59.2880859375, 61.3046875, 61.3046875, 59.2880859375),
('MLB-08-PA', 50.244140625, 51.953125, 51.953125, 51.953125, 51.953125, 50.244140625, 51.953125, 51.953125, 50.244140625, 51.953125, 51.953125, 50.244140625, 51.953125, 51.953125, 50.244140625),
('MLB-09-GL', 14.068359375, 14.546875, 14.546875, 14.546875, 14.546875, 14.068359375, 14.546875, 14.546875, 14.068359375, 14.546875, 14.546875, 14.068359375, 14.546875, 14.546875, 14.068359375),
('MLB-09-PL', 0, 0, 0, 81.046875, 81.046875, 78.380859375, 0, 0, 0, 0, 0, 0, 0, 0, 0),
('MLB-10-PA', 49.9947624206543, 52.3064079284668, 49.15422058105469, 29.1461124420166, 29.1461124420166, 28.187358856201172, 37.33351516723633, 30.046953201293945, 36.105438232421875, 37.33351516723633, 37.33351516723633, 36.105438232421875, 37.33351516723633, 37.33351516723633, 36.105438232421875),
('MLB-10-PL', 50.244140625, 51.953125, 51.953125, 0, 0, 0, 51.953125, 51.953125, 50.244140625, 51.953125, 51.953125, 50.244140625, 51.953125, 51.953125, 50.244140625),
('MLB-11-PA', 50.244140625, 51.953125, 51.953125, 51.953125, 51.953125, 50.244140625, 51.953125, 51.953125, 50.244140625, 51.953125, 51.953125, 50.244140625, 51.953125, 51.953125, 50.244140625),
('MLB-12-GL', 85.4150390625, 88.3203125, 88.3203125, 88.3203125, 88.3203125, 85.4150390625, 88.3203125, 88.3203125, 85.4150390625, 88.3203125, 88.3203125, 85.4150390625, 88.3203125, 88.3203125, 85.4150390625),
('MLB-14-GL', 13.0634765625, 13.5078125, 13.5078125, 13.5078125, 13.5078125, 13.0634765625, 13.5078125, 13.5078125, 13.0634765625, 13.5078125, 13.5078125, 13.0634765625, 13.5078125, 13.5078125, 13.0634765625),
('MLB-15-PA', 78.380859375, 81.046875, 81.046875, 81.046875, 81.046875, 78.380859375, 81.046875, 81.046875, 78.380859375, 81.046875, 81.046875, 78.380859375, 81.046875, 81.046875, 78.380859375),
('MLB-28-PA', 23.1123046875, 23.8984375, 23.8984375, 0, 0, 0, 23.8984375, 23.8984375, 23.1123046875, 23.8984375, 23.8984375, 23.1123046875, 23.8984375, 23.8984375, 23.1123046875);

-- --------------------------------------------------------

--
-- Table structure for table `workforceTask_tbl`
--

CREATE TABLE `workforceTask_tbl` (
  `taskID` int(4) NOT NULL,
  `userID` int(4) NOT NULL,
  `binID` varchar(10) NOT NULL,
  `taskType` varchar(20) NOT NULL DEFAULT 'Add new bin',
  `latitude` double NOT NULL DEFAULT '0',
  `longitude` double NOT NULL DEFAULT '0',
  `taskStatus` varchar(20) NOT NULL DEFAULT 'In Progress ',
  `date` datetime DEFAULT CURRENT_TIMESTAMP
) ENGINE=InnoDB DEFAULT CHARSET=latin1;

--
-- Dumping data for table `workforceTask_tbl`
--

INSERT INTO `workforceTask_tbl` (`taskID`, `userID`, `binID`, `taskType`, `latitude`, `longitude`, `taskStatus`, `date`) VALUES
(28, 2, 'KDU-04-PL', 'Add new bin', 6.948989, 80.01729, 'Completed', '2017-11-24 21:29:57'),
(29, 2, 'KDU-05-BI', 'Add new bin', 6.969437, 80.044756, 'Completed', '2017-11-24 21:30:51'),
(30, 2, 'KDU-06-GL', 'Add new bin', 6.968585, 79.954805, 'Completed', '2017-11-24 21:30:29'),
(31, 2, 'KDU-07-GL', 'Add new bin', 6.986476, 79.97386, 'Completed', '2017-11-24 21:30:38'),
(32, 2, 'KDU-08-PA', 'Add new bin', 6.961429, 79.996347, 'Completed', '2017-11-24 21:31:02'),
(33, 2, 'KDU-09-PA', 'Add new bin', 6.921384, 80.017633, 'Completed', '2017-11-24 21:30:46'),
(34, 2, 'KDU-10-BI', 'Add new bin', 6.958021, 80.01626, 'In Progress', '2017-11-12 07:30:39'),
(35, 1, 'MLB-01-PA', 'Maintenance ', 6.903935, 79.954497, 'Completed', '2017-11-15 04:11:28'),
(36, 1, 'MLB-05-GL', 'Maintenance ', 6.91551, 79.959241, 'In Progress', '2017-11-30 09:41:35'),
(37, 1, 'MLB-03-PL', 'Add new bin', 6.911419, 79.956114, 'Completed', '2017-11-08 03:28:17'),
(38, 1, 'MLB-06-PA', 'Add new bin', 6.905627, 79.963127, 'Completed', '2017-11-27 07:32:45'),
(39, 1, 'MLB-10-BI', 'Add new bin', 6.914746, 79.972816, 'Completed', '2017-11-27 03:30:15'),
(42, 2, 'KDU-06-GL', 'Maintenance ', 6.968585, 79.954805, 'In Progress', '2017-11-27 18:47:32'),
(43, 2, 'KDU-09-PA', 'Maintenance ', 6.921384, 80.017633, 'Completed', '2017-11-21 10:22:30'),
(44, 2, 'KDU-11-GL', 'Remove a bin', 6.93646, 79.983058, 'Completed', '2017-11-22 09:38:44'),
(46, 1, 'MLB-27-PA', 'Add new bin', 6.932817, 79.962273, 'Completed', '2017-11-25 00:53:57'),
(48, 1, 'MLB-11-PL', 'Add new bin', 6.93384, 79.968452, 'Completed', '2017-11-25 00:55:41'),
(50, 1, 'MLB-12-PL', 'Add new bin', 6.933499, 79.978495, 'Completed', '2017-11-25 00:57:01'),
(52, 1, 'MLB-13-PL', 'Add new bin', 6.932135, 79.973431, 'Completed', '2017-11-25 00:58:48'),
(54, 1, 'MLB-14-PL', 'Add new bin', 6.928472, 79.954977, 'Completed', '2017-11-25 01:05:16'),
(55, 1, 'MLB-14-PL', 'Remove a bin', 6.928472, 79.954977, 'In Progress', '2017-11-25 01:05:28'),
(56, 1, 'MLB-28-PA', 'Add new bin', 6.908278, 79.994202, 'Completed', '2017-11-25 22:17:14'),
(58, 1, 'MLB-10-BI', 'Remove a bin', 6.914746, 79.972816, 'Completed', '2017-11-26 23:11:52'),
(59, 1, 'MLB-10-GL', 'Remove a bin', 6.914751, 79.972822, 'Completed', '2017-11-26 23:12:02'),
(60, 2, 'KDU-12-GL', 'Add new bin', 6.914741, 79.972671, 'Completed', '2017-11-26 23:12:55'),
(61, 2, 'KDU-12-GL', 'Remove a bin', 6.914741, 79.972671, 'Completed', '2017-11-26 23:13:30'),
(62, 1, 'MLB-15-PL', 'Add new bin', 6.914744, 79.972529, 'Completed', '2017-11-26 23:18:07'),
(63, 1, 'MLB-15-PL', 'Remove a bin', 6.914744, 79.972529, 'Completed', '2017-11-26 23:27:26'),
(64, 2, 'KDU-12-GL', 'Remove a bin', 6.914741, 79.972671, 'Completed', '2017-11-26 23:26:41'),
(66, 1, 'MLB-15-PL', 'Remove a bin', 6.914744, 79.972529, 'Completed', '2017-11-26 23:27:51'),
(70, 1, 'MLB-16-PL', 'Add new bin', 6.914783, 79.972406, 'Completed', '2017-11-26 23:32:16'),
(71, 1, 'MLB-16-PL', 'Remove a bin', 6.914783, 79.972406, 'Completed', '2017-11-26 23:32:48'),
(73, 1, 'MLB--PA', 'Add new bin', 6.915776, 79.937897, 'Completed', '2017-12-21 17:44:35'),
(74, 1, 'MLB-17-PL', 'Add new bin', 6.928131, 79.948883, 'In Progress', '2017-11-28 11:56:11');

-- --------------------------------------------------------

--
-- Table structure for table `workforce_tbl`
--

CREATE TABLE `workforce_tbl` (
  `userID` int(4) NOT NULL,
  `uName` varchar(10) NOT NULL,
  `Name` varchar(30) NOT NULL,
  `email` varchar(50) NOT NULL,
  `contactNo` varchar(10) NOT NULL,
  `pWord` varchar(10) NOT NULL,
  `areaID` varchar(10) NOT NULL,
  `image` varchar(400) CHARACTER SET utf8 COLLATE utf8_unicode_ci NOT NULL DEFAULT 'http://52.220.95.27/smartBin/uploads/profile.png'
) ENGINE=InnoDB DEFAULT CHARSET=latin1;

--
-- Dumping data for table `workforce_tbl`
--

INSERT INTO `workforce_tbl` (`userID`, `uName`, `Name`, `email`, `contactNo`, `pWord`, `areaID`, `image`) VALUES
(1, 'admin', 'Dinusha Perera', 'p.g.d.m.perera@gmail.com', '0710935375', 'admin', 'MLB', 'http://52.220.95.27/smartBin/uploads/1.png'),
(2, 'RKR', 'Ruvinda Ranaweera', 'rkruvinda@gmail.com', '0716470501', '123456', 'KDU', 'http://52.220.95.27/smartBin/uploads/profile.png');

-- --------------------------------------------------------

--
-- Table structure for table `working_tbl`
--

CREATE TABLE `working_tbl` (
  `workID` int(4) NOT NULL,
  `userID` int(4) NOT NULL,
  `binID` varchar(10) NOT NULL,
  `time` datetime NOT NULL,
  `jobType` varchar(15) NOT NULL
) ENGINE=InnoDB DEFAULT CHARSET=latin1;

--
-- Dumping data for table `working_tbl`
--

INSERT INTO `working_tbl` (`workID`, `userID`, `binID`, `time`, `jobType`) VALUES
(4, 1, 'MLB-10-PA', '2017-09-26 12:53:48', 'Clean'),
(6, 1, 'MLB-10-PL', '2017-11-14 01:28:29', 'Clean'),
(7, 1, 'MLB-10-PL', '2017-11-14 01:31:59', 'Maintenance'),
(8, 1, 'MLB-10-PL', '2017-11-14 01:37:24', 'Clean'),
(9, 1, 'MLB-10-PL', '2017-11-14 01:42:59', 'Clean'),
(10, 1, 'MLB-10-PL', '2017-11-14 01:50:14', 'Maintenance'),
(11, 1, 'MLB-10-PL', '2017-11-17 19:06:51', 'Maintenance'),
(12, 1, 'MLB-10-PL', '2017-11-17 19:07:44', 'Clean'),
(13, 2, 'KDU-03-GL', '2017-11-16 13:23:33', 'Maintenance'),
(14, 2, 'KDU-01-BI', '2017-11-03 16:18:20', 'Clean'),
(15, 2, 'KDU-02-PA', '2017-11-06 05:23:36', 'Maintenance'),
(16, 2, 'KDU-02-PA', '2017-11-19 05:23:45', 'Clean'),
(17, 1, 'MLB-10-PL', '2017-11-19 22:53:11', 'Maintenance'),
(18, 1, 'MLB-10-PL', '2017-11-19 23:50:01', 'Maintenance'),
(19, 1, 'MLB-10-PL', '2017-11-20 00:39:17', 'Maintenance'),
(20, 1, 'MLB-10-PL', '2017-11-20 22:08:13', 'Clean'),
(21, 1, 'MLB-10-PL', '2017-11-20 22:09:11', 'Maintenance'),
(22, 1, 'MLB-10-PL', '2017-11-20 22:09:54', 'Clean'),
(23, 1, 'MLB-10-PL', '2017-11-21 10:06:56', 'Maintenance'),
(24, 1, 'MLB-10-PL', '2017-11-25 00:46:08', 'Maintenance'),
(25, 1, 'MLB-10-PL', '2017-11-25 22:14:07', 'Maintenance'),
(26, 1, 'MLB-09-PL', '2017-11-26 21:53:30', 'Maintenance'),
(27, 1, 'MLB-10-PA', '2017-11-26 23:29:34', 'Maintenance');

--
-- Indexes for dumped tables
--

--
-- Indexes for table `bindetail_tbl`
--
ALTER TABLE `bindetail_tbl`
  ADD PRIMARY KEY (`binID`);

--
-- Indexes for table `binLevel_tbl`
--
ALTER TABLE `binLevel_tbl`
  ADD PRIMARY KEY (`binID`);

--
-- Indexes for table `binReqFeedBack_tbl`
--
ALTER TABLE `binReqFeedBack_tbl`
  ADD PRIMARY KEY (`reqID`);

--
-- Indexes for table `binSensor_tbl`
--
ALTER TABLE `binSensor_tbl`
  ADD PRIMARY KEY (`binID`);

--
-- Indexes for table `binTest_tbl`
--
ALTER TABLE `binTest_tbl`
  ADD PRIMARY KEY (`ID`);

--
-- Indexes for table `binTotalVolume_tbl`
--
ALTER TABLE `binTotalVolume_tbl`
  ADD PRIMARY KEY (`binID`);

--
-- Indexes for table `client_tbl`
--
ALTER TABLE `client_tbl`
  ADD PRIMARY KEY (`clientID`);

--
-- Indexes for table `feedback_tbl`
--
ALTER TABLE `feedback_tbl`
  ADD PRIMARY KEY (`feedbackID`);

--
-- Indexes for table `fri_binLevel_tbl`
--
ALTER TABLE `fri_binLevel_tbl`
  ADD PRIMARY KEY (`binID`);

--
-- Indexes for table `MLBregressionPA_tbl`
--
ALTER TABLE `MLBregressionPA_tbl`
  ADD PRIMARY KEY (`month`);

--
-- Indexes for table `monthlvlavg_tbl`
--
ALTER TABLE `monthlvlavg_tbl`
  ADD PRIMARY KEY (`id`);

--
-- Indexes for table `mon_binLevel_tbl`
--
ALTER TABLE `mon_binLevel_tbl`
  ADD PRIMARY KEY (`binID`);

--
-- Indexes for table `newsalerts_tbl`
--
ALTER TABLE `newsalerts_tbl`
  ADD PRIMARY KEY (`id`);

--
-- Indexes for table `sat_binLevel_tbl`
--
ALTER TABLE `sat_binLevel_tbl`
  ADD PRIMARY KEY (`binID`);

--
-- Indexes for table `sensorCheck_tbl`
--
ALTER TABLE `sensorCheck_tbl`
  ADD PRIMARY KEY (`binID`);

--
-- Indexes for table `smsFeedBack_tbl`
--
ALTER TABLE `smsFeedBack_tbl`
  ADD PRIMARY KEY (`smsID`);

--
-- Indexes for table `sun_binLevel_tbl`
--
ALTER TABLE `sun_binLevel_tbl`
  ADD PRIMARY KEY (`binID`);

--
-- Indexes for table `thu_binLevel_tbl`
--
ALTER TABLE `thu_binLevel_tbl`
  ADD PRIMARY KEY (`binID`);

--
-- Indexes for table `tue_binLevel_tbl`
--
ALTER TABLE `tue_binLevel_tbl`
  ADD PRIMARY KEY (`binID`);

--
-- Indexes for table `Waste_collected_per_month`
--
ALTER TABLE `Waste_collected_per_month`
  ADD PRIMARY KEY (`id`);

--
-- Indexes for table `wen_binLevel_tbl`
--
ALTER TABLE `wen_binLevel_tbl`
  ADD PRIMARY KEY (`binID`);

--
-- Indexes for table `workforceTask_tbl`
--
ALTER TABLE `workforceTask_tbl`
  ADD PRIMARY KEY (`taskID`);

--
-- Indexes for table `workforce_tbl`
--
ALTER TABLE `workforce_tbl`
  ADD PRIMARY KEY (`userID`);

--
-- Indexes for table `working_tbl`
--
ALTER TABLE `working_tbl`
  ADD PRIMARY KEY (`workID`),
  ADD KEY `FK_userid` (`userID`),
  ADD KEY `FK_binid` (`binID`);

--
-- AUTO_INCREMENT for dumped tables
--

--
-- AUTO_INCREMENT for table `binReqFeedBack_tbl`
--
ALTER TABLE `binReqFeedBack_tbl`
  MODIFY `reqID` int(5) NOT NULL AUTO_INCREMENT, AUTO_INCREMENT=155;
--
-- AUTO_INCREMENT for table `binTest_tbl`
--
ALTER TABLE `binTest_tbl`
  MODIFY `ID` int(11) NOT NULL AUTO_INCREMENT, AUTO_INCREMENT=168;
--
-- AUTO_INCREMENT for table `client_tbl`
--
ALTER TABLE `client_tbl`
  MODIFY `clientID` int(5) NOT NULL AUTO_INCREMENT, AUTO_INCREMENT=82;
--
-- AUTO_INCREMENT for table `feedback_tbl`
--
ALTER TABLE `feedback_tbl`
  MODIFY `feedbackID` int(5) NOT NULL AUTO_INCREMENT, AUTO_INCREMENT=22;
--
-- AUTO_INCREMENT for table `monthlvlavg_tbl`
--
ALTER TABLE `monthlvlavg_tbl`
  MODIFY `id` int(50) NOT NULL AUTO_INCREMENT, AUTO_INCREMENT=13;
--
-- AUTO_INCREMENT for table `newsalerts_tbl`
--
ALTER TABLE `newsalerts_tbl`
  MODIFY `id` int(10) NOT NULL AUTO_INCREMENT, AUTO_INCREMENT=12;
--
-- AUTO_INCREMENT for table `smsFeedBack_tbl`
--
ALTER TABLE `smsFeedBack_tbl`
  MODIFY `smsID` int(5) NOT NULL AUTO_INCREMENT, AUTO_INCREMENT=12;
--
-- AUTO_INCREMENT for table `Waste_collected_per_month`
--
ALTER TABLE `Waste_collected_per_month`
  MODIFY `id` int(50) NOT NULL AUTO_INCREMENT, AUTO_INCREMENT=87;
--
-- AUTO_INCREMENT for table `workforceTask_tbl`
--
ALTER TABLE `workforceTask_tbl`
  MODIFY `taskID` int(4) NOT NULL AUTO_INCREMENT, AUTO_INCREMENT=75;
--
-- AUTO_INCREMENT for table `workforce_tbl`
--
ALTER TABLE `workforce_tbl`
  MODIFY `userID` int(4) NOT NULL AUTO_INCREMENT, AUTO_INCREMENT=10;
--
-- AUTO_INCREMENT for table `working_tbl`
--
ALTER TABLE `working_tbl`
  MODIFY `workID` int(4) NOT NULL AUTO_INCREMENT, AUTO_INCREMENT=28;
--
-- Constraints for dumped tables
--

--
-- Constraints for table `binLevel_tbl`
--
ALTER TABLE `binLevel_tbl`
  ADD CONSTRAINT `fk_bin_level_details` FOREIGN KEY (`binID`) REFERENCES `bindetail_tbl` (`binID`) ON DELETE CASCADE ON UPDATE CASCADE;

--
-- Constraints for table `binSensor_tbl`
--
ALTER TABLE `binSensor_tbl`
  ADD CONSTRAINT `sensor_fk` FOREIGN KEY (`binID`) REFERENCES `bindetail_tbl` (`binID`);

--
-- Constraints for table `binTotalVolume_tbl`
--
ALTER TABLE `binTotalVolume_tbl`
  ADD CONSTRAINT `volume_fk` FOREIGN KEY (`binID`) REFERENCES `bindetail_tbl` (`binID`);

--
-- Constraints for table `fri_binLevel_tbl`
--
ALTER TABLE `fri_binLevel_tbl`
  ADD CONSTRAINT `fk_bin_level_fri` FOREIGN KEY (`binID`) REFERENCES `binLevel_tbl` (`binID`);

--
-- Constraints for table `mon_binLevel_tbl`
--
ALTER TABLE `mon_binLevel_tbl`
  ADD CONSTRAINT `fk_bin_level_mon` FOREIGN KEY (`binID`) REFERENCES `binLevel_tbl` (`binID`);

--
-- Constraints for table `sat_binLevel_tbl`
--
ALTER TABLE `sat_binLevel_tbl`
  ADD CONSTRAINT `fk_bin_level_sat` FOREIGN KEY (`binID`) REFERENCES `binLevel_tbl` (`binID`);

--
-- Constraints for table `sensorCheck_tbl`
--
ALTER TABLE `sensorCheck_tbl`
  ADD CONSTRAINT `sensorcheck_fk` FOREIGN KEY (`binID`) REFERENCES `bindetail_tbl` (`binID`);

--
-- Constraints for table `sun_binLevel_tbl`
--
ALTER TABLE `sun_binLevel_tbl`
  ADD CONSTRAINT `fk_bin_level_sun` FOREIGN KEY (`binID`) REFERENCES `binLevel_tbl` (`binID`);

--
-- Constraints for table `thu_binLevel_tbl`
--
ALTER TABLE `thu_binLevel_tbl`
  ADD CONSTRAINT `fk_bin_level_thu` FOREIGN KEY (`binID`) REFERENCES `binLevel_tbl` (`binID`);

--
-- Constraints for table `tue_binLevel_tbl`
--
ALTER TABLE `tue_binLevel_tbl`
  ADD CONSTRAINT `fk_bin_level_tue` FOREIGN KEY (`binID`) REFERENCES `binLevel_tbl` (`binID`);

--
-- Constraints for table `wen_binLevel_tbl`
--
ALTER TABLE `wen_binLevel_tbl`
  ADD CONSTRAINT `fk_bin_level_wen` FOREIGN KEY (`binID`) REFERENCES `binLevel_tbl` (`binID`);

--
-- Constraints for table `working_tbl`
--
ALTER TABLE `working_tbl`
  ADD CONSTRAINT `FK_binid` FOREIGN KEY (`binID`) REFERENCES `bindetail_tbl` (`binID`),
  ADD CONSTRAINT `FK_userid` FOREIGN KEY (`userID`) REFERENCES `workforce_tbl` (`userID`);

/*!40101 SET CHARACTER_SET_CLIENT=@OLD_CHARACTER_SET_CLIENT */;
/*!40101 SET CHARACTER_SET_RESULTS=@OLD_CHARACTER_SET_RESULTS */;
/*!40101 SET COLLATION_CONNECTION=@OLD_COLLATION_CONNECTION */;
